{
 "version":3,
 "baseUrl":"support/slwebview_files",
 "homeHid":2,
 "sections":[
  {
   "hid":1,
   "sid":"X_Ray_Control_System_stable_with_deadzone",
   "name":"X_Ray_Control_System_stable_with_deadzone",
   "fullname":"X_Ray_Control_System_stable_with_deadzone",
   "label":"X_Ray_Control_System_stable_with_deadzone",
   "parent":0,
   "descendantIDs":[
    2
   ],
   "descendantsURL":"support/slwebview_files/X_Ray_Control_System_stable_with_deadzone_diagrams_1.json",
   "sysViewURL":"support/slwebview_files/X_Ray_Control_System_stable_with_deadzone_p.json"
  }
 ],
 "optViews":[
 ],
 "display":{
  "informer":false,
  "notes":false
 },
 "iconsUrl":"support/slwebview_files/icon.css",
 "lod":true
}