[
 {
  "hid":1,
  "sid":"X_Ray_Control_System_stable_with_deadzone",
  "rsid":"X_Ray_Control_System_stable_with_deadzone",
  "esid":"",
  "parent":0,
  "children":[
   2
  ],
  "name":"X_Ray_Control_System_stable_with_deadzone",
  "fullname":"X_Ray_Control_System_stable_with_deadzone",
  "label":"X_Ray_Control_System_stable_with_deadzone",
  "className":"Simulink.BlockDiagram",
  "icon":"SimulinkModelIcon_icon",
  "svg":"",
  "thumbnail":"",
  "elements":[
  ],
  "sysViewURL":"",
  "sameAsElement":false
 },
 {
  "hid":2,
  "sid":"X_Ray_Control_System_stable_with_deadzone:163",
  "rsid":"X_Ray_Control_System_stable_with_deadzone:163",
  "esid":"X_Ray_Control_System_stable_with_deadzone:163",
  "parent":1,
  "children":[
  ],
  "name":"Digital x-ray control system",
  "fullname":"X_Ray_Control_System_stable_with_deadzone/Digital x-ray control system",
  "label":"Digital x-ray control system",
  "className":"Simulink.SubSystem",
  "icon":"SubSystemIcon_icon",
  "svg":"support/slwebview_files/X_Ray_Control_System_stable_with_deadzone_163_d.svg",
  "thumbnail":"support/slwebview_files/X_Ray_Control_System_stable_with_deadzone_163_d.png",
  "elements":[
   {
    "sid":"X_Ray_Control_System_stable_with_deadzone:164",
    "rsid":"X_Ray_Control_System_stable_with_deadzone:164",
    "name":"In1",
    "label":"In1",
    "className":"Simulink.Inport",
    "icon":"BlockIcon_icon"
   },
   {
    "sid":"X_Ray_Control_System_stable_with_deadzone:165",
    "rsid":"X_Ray_Control_System_stable_with_deadzone:165",
    "name":"In2",
    "label":"In2",
    "className":"Simulink.Inport",
    "icon":"BlockIcon_icon"
   },
   {
    "sid":"X_Ray_Control_System_stable_with_deadzone:166",
    "rsid":"X_Ray_Control_System_stable_with_deadzone:166",
    "name":"In3",
    "label":"In3",
    "className":"Simulink.Inport",
    "icon":"BlockIcon_icon"
   },
   {
    "sid":"X_Ray_Control_System_stable_with_deadzone:167",
    "rsid":"X_Ray_Control_System_stable_with_deadzone:167",
    "name":"In4",
    "label":"In4",
    "className":"Simulink.Inport",
    "icon":"BlockIcon_icon"
   },
   {
    "sid":"X_Ray_Control_System_stable_with_deadzone:168",
    "rsid":"X_Ray_Control_System_stable_with_deadzone:168",
    "name":"In5",
    "label":"In5",
    "className":"Simulink.Inport",
    "icon":"BlockIcon_icon"
   },
   {
    "sid":"X_Ray_Control_System_stable_with_deadzone:34",
    "rsid":"X_Ray_Control_System_stable_with_deadzone:34",
    "name":"DAC resolution * Filament current",
    "label":"DAC resolution * Filament current",
    "className":"Simulink.Product",
    "icon":"BlockIcon_icon"
   },
   {
    "sid":"X_Ray_Control_System_stable_with_deadzone:228",
    "rsid":"X_Ray_Control_System_stable_with_deadzone:228",
    "name":"Data Type Conversion",
    "label":"Data Type Conversion",
    "className":"Simulink.DataTypeConversion",
    "icon":"BlockIcon_icon"
   },
   {
    "sid":"X_Ray_Control_System_stable_with_deadzone:128",
    "rsid":"X_Ray_Control_System_stable_with_deadzone:128",
    "name":"Dead Zone",
    "label":"Dead Zone",
    "className":"Simulink.DeadZone",
    "icon":"BlockIcon_icon"
   },
   {
    "sid":"X_Ray_Control_System_stable_with_deadzone:235",
    "rsid":"X_Ray_Control_System_stable_with_deadzone:235",
    "name":"Delay",
    "label":"Delay",
    "className":"Simulink.Delay",
    "icon":"BlockIcon_icon"
   },
   {
    "sid":"X_Ray_Control_System_stable_with_deadzone:236",
    "rsid":"X_Ray_Control_System_stable_with_deadzone:236",
    "name":"Delay1",
    "label":"Delay1",
    "className":"Simulink.Delay",
    "icon":"BlockIcon_icon"
   },
   {
    "sid":"X_Ray_Control_System_stable_with_deadzone:36",
    "rsid":"X_Ray_Control_System_stable_with_deadzone:36",
    "name":"Delta filament",
    "label":"Delta filament",
    "className":"Simulink.Sum",
    "icon":"BlockIcon_icon"
   },
   {
    "sid":"X_Ray_Control_System_stable_with_deadzone:233",
    "rsid":"X_Ray_Control_System_stable_with_deadzone:233",
    "name":"Derivative subtract",
    "label":"Derivative subtract",
    "className":"Simulink.Sum",
    "icon":"BlockIcon_icon"
   },
   {
    "sid":"X_Ray_Control_System_stable_with_deadzone:182",
    "rsid":"X_Ray_Control_System_stable_with_deadzone:182",
    "name":"Discrete\nTransfer Fcn",
    "label":"Discrete Transfer Fcn",
    "className":"Simulink.DiscreteTransferFcn",
    "icon":"BlockIcon_icon"
   },
   {
    "sid":"X_Ray_Control_System_stable_with_deadzone:6",
    "rsid":"X_Ray_Control_System_stable_with_deadzone:6",
    "name":"Error",
    "label":"Error",
    "className":"Simulink.Sum",
    "icon":"BlockIcon_icon"
   },
   {
    "sid":"X_Ray_Control_System_stable_with_deadzone:130",
    "rsid":"X_Ray_Control_System_stable_with_deadzone:130",
    "name":"Filament Preheats \n(Tube_curr_ref vs Tube_kV_ref)",
    "label":"Filament Preheats  (Tube_curr_ref vs Tube_kV_ref)",
    "className":"Simulink.Lookup_nD",
    "icon":"BlockIcon_icon"
   },
   {
    "sid":"X_Ray_Control_System_stable_with_deadzone:131",
    "rsid":"X_Ray_Control_System_stable_with_deadzone:131",
    "name":"Filament Preheats \n(Tube_curr_ref vs Tube_kV_ref) delta",
    "label":"Filament Preheats  (Tube_curr_ref vs Tube_kV_ref) delta",
    "className":"Simulink.Lookup_nD",
    "icon":"BlockIcon_icon"
   },
   {
    "sid":"X_Ray_Control_System_stable_with_deadzone:232",
    "rsid":"X_Ray_Control_System_stable_with_deadzone:232",
    "name":"Gain add",
    "label":"Gain add",
    "className":"Simulink.Sum",
    "icon":"BlockIcon_icon"
   },
   {
    "sid":"X_Ray_Control_System_stable_with_deadzone:40",
    "rsid":"X_Ray_Control_System_stable_with_deadzone:40",
    "name":"Multiplocation factor 0.4",
    "label":"Multiplocation factor 0.4",
    "className":"Simulink.Constant",
    "icon":"BlockIcon_icon"
   },
   {
    "sid":"X_Ray_Control_System_stable_with_deadzone:19",
    "rsid":"X_Ray_Control_System_stable_with_deadzone:19",
    "name":"Multiplying factor 5mA",
    "label":"Multiplying factor 5mA",
    "className":"Simulink.Constant",
    "icon":"BlockIcon_icon"
   },
   {
    "sid":"X_Ray_Control_System_stable_with_deadzone:35",
    "rsid":"X_Ray_Control_System_stable_with_deadzone:35",
    "name":"Multiplying factor DAC resolution",
    "label":"Multiplying factor DAC resolution",
    "className":"Simulink.Constant",
    "icon":"BlockIcon_icon"
   },
   {
    "sid":"X_Ray_Control_System_stable_with_deadzone:4",
    "rsid":"X_Ray_Control_System_stable_with_deadzone:4",
    "name":"Multiplying factor mA -> A",
    "label":"Multiplying factor mA -> A",
    "className":"Simulink.Constant",
    "icon":"BlockIcon_icon"
   },
   {
    "sid":"X_Ray_Control_System_stable_with_deadzone:5",
    "rsid":"X_Ray_Control_System_stable_with_deadzone:5",
    "name":"Product 1",
    "label":"Product 1",
    "className":"Simulink.Product",
    "icon":"BlockIcon_icon"
   },
   {
    "sid":"X_Ray_Control_System_stable_with_deadzone:39",
    "rsid":"X_Ray_Control_System_stable_with_deadzone:39",
    "name":"Product 5",
    "label":"Product 5",
    "className":"Simulink.Product",
    "icon":"BlockIcon_icon"
   },
   {
    "sid":"X_Ray_Control_System_stable_with_deadzone:41",
    "rsid":"X_Ray_Control_System_stable_with_deadzone:41",
    "name":"Product 6",
    "label":"Product 6",
    "className":"Simulink.Product",
    "icon":"BlockIcon_icon"
   },
   {
    "sid":"X_Ray_Control_System_stable_with_deadzone:229",
    "rsid":"X_Ray_Control_System_stable_with_deadzone:229",
    "name":"Rate Transition",
    "label":"Rate Transition",
    "className":"Simulink.RateTransition",
    "icon":"BlockIcon_icon"
   },
   {
    "sid":"X_Ray_Control_System_stable_with_deadzone:230",
    "rsid":"X_Ray_Control_System_stable_with_deadzone:230",
    "name":"Rate Transition1",
    "label":"Rate Transition1",
    "className":"Simulink.RateTransition",
    "icon":"BlockIcon_icon"
   },
   {
    "sid":"X_Ray_Control_System_stable_with_deadzone:231",
    "rsid":"X_Ray_Control_System_stable_with_deadzone:231",
    "name":"Rate Transition2",
    "label":"Rate Transition2",
    "className":"Simulink.RateTransition",
    "icon":"BlockIcon_icon"
   },
   {
    "sid":"X_Ray_Control_System_stable_with_deadzone:18",
    "rsid":"X_Ray_Control_System_stable_with_deadzone:18",
    "name":"Tube ref - 5mA",
    "label":"Tube ref - 5mA",
    "className":"Simulink.Sum",
    "icon":"BlockIcon_icon"
   },
   {
    "sid":"X_Ray_Control_System_stable_with_deadzone:169",
    "rsid":"X_Ray_Control_System_stable_with_deadzone:169",
    "name":"Out1",
    "label":"Out1",
    "className":"Simulink.Outport",
    "icon":"BlockIcon_icon"
   },
   {
    "sid":"X_Ray_Control_System_stable_with_deadzone:104",
    "rsid":"X_Ray_Control_System_stable_with_deadzone:104",
    "name":"Filament current vs Tube current",
    "label":"Filament current vs Tube current",
    "className":"Simulink.Annotation",
    "icon":"annotation_icon"
   },
   {
    "sid":"X_Ray_Control_System_stable_with_deadzone:105",
    "rsid":"X_Ray_Control_System_stable_with_deadzone:105",
    "name":"DAC has 0.5mA steps. \nConverts from digital value to Amps",
    "label":"DAC has 0.5mA steps. \nConverts from digital value to Amps",
    "className":"Simulink.Annotation",
    "icon":"annotation_icon"
   },
   {
    "sid":"X_Ray_Control_System_stable_with_deadzone:106",
    "rsid":"X_Ray_Control_System_stable_with_deadzone:106",
    "name":"<!DOCTYPE HTML PUBLIC \"-//W3C//DTD HTML 4.0//EN\" \"http://www.w3.org/TR/REC-html40/strict.dtd\">\n<html><head><meta name=\"qrichtext\" content=\"1\" /><style type=\"text/css\">\np, li { white-space: pre-wrap; }\n</style></head><body align=\"left\" style=\" font-family:'Helvetica'; font-size:10px; font-weight:400; font-style:normal;\">\n<p align=\"left\" style=\" margin-top:0px; margin-bottom:0px; margin-left:0px; margin-right:0px; -qt-block-indent:0; text-indent:0px;\"><span style=\" font-size:7px;\">Subtracts 5mA from current Filament current</span></p></body></html>",
    "label":"Subtracts 5mA from current Filament current",
    "className":"Simulink.Annotation",
    "icon":"annotation_icon"
   },
   {
    "sid":"X_Ray_Control_System_stable_with_deadzone:107",
    "rsid":"X_Ray_Control_System_stable_with_deadzone:107",
    "name":"Delta filament",
    "label":"Delta filament",
    "className":"Simulink.Annotation",
    "icon":"annotation_icon"
   },
   {
    "sid":"X_Ray_Control_System_stable_with_deadzone:108",
    "rsid":"X_Ray_Control_System_stable_with_deadzone:108",
    "name":"Delta filament * 0.4 = Gain",
    "label":"Delta filament * 0.4 = Gain",
    "className":"Simulink.Annotation",
    "icon":"annotation_icon"
   },
   {
    "sid":"X_Ray_Control_System_stable_with_deadzone:109",
    "rsid":"X_Ray_Control_System_stable_with_deadzone:109",
    "name":"Multiply gain with error",
    "label":"Multiply gain with error",
    "className":"Simulink.Annotation",
    "icon":"annotation_icon"
   },
   {
    "sid":"X_Ray_Control_System_stable_with_deadzone:110",
    "rsid":"X_Ray_Control_System_stable_with_deadzone:110",
    "name":"<!DOCTYPE HTML PUBLIC \"-//W3C//DTD HTML 4.0//EN\" \"http://www.w3.org/TR/REC-html40/strict.dtd\">\n<html><head><meta name=\"qrichtext\" content=\"1\" /><style type=\"text/css\">\np, li { white-space: pre-wrap; }\n</style></head><body align=\"left\" style=\" font-family:'Helvetica'; font-size:10px; font-weight:400; font-style:normal;\">\n<p align=\"left\" style=\" margin-top:0px; margin-bottom:0px; margin-left:0px; margin-right:0px; -qt-block-indent:0; text-indent:0px;\"><span style=\" font-size:8px;\">Add gain*error to Filref - Subtract derivative to prevent large changes</span></p></body></html>",
    "label":"Add gain*error to Filref - Subtract derivative to prevent large changes",
    "className":"Simulink.Annotation",
    "icon":"annotation_icon"
   },
   {
    "sid":"X_Ray_Control_System_stable_with_deadzone:36#out:1;line",
    "rsid":"X_Ray_Control_System_stable_with_deadzone:36#out:1;line",
    "name":"",
    "label":"",
    "className":"Simulink.Line",
    "icon":"LineIcon_icon"
   },
   {
    "sid":"X_Ray_Control_System_stable_with_deadzone:35#out:1;line",
    "rsid":"X_Ray_Control_System_stable_with_deadzone:35#out:1;line",
    "name":"",
    "label":"",
    "className":"Simulink.Line",
    "icon":"LineIcon_icon"
   },
   {
    "sid":"X_Ray_Control_System_stable_with_deadzone:182#out:1;line",
    "rsid":"X_Ray_Control_System_stable_with_deadzone:182#out:1;line",
    "name":"",
    "label":"",
    "className":"Simulink.Line",
    "icon":"LineIcon_icon"
   },
   {
    "sid":"X_Ray_Control_System_stable_with_deadzone:34#out:1;line",
    "rsid":"X_Ray_Control_System_stable_with_deadzone:34#out:1;line",
    "name":"",
    "label":"",
    "className":"Simulink.Line",
    "icon":"LineIcon_icon"
   },
   {
    "sid":"X_Ray_Control_System_stable_with_deadzone:18#out:1;line",
    "rsid":"X_Ray_Control_System_stable_with_deadzone:18#out:1;line",
    "name":"",
    "label":"",
    "className":"Simulink.Line",
    "icon":"LineIcon_icon"
   },
   {
    "sid":"X_Ray_Control_System_stable_with_deadzone:41#out:1;line",
    "rsid":"X_Ray_Control_System_stable_with_deadzone:41#out:1;line",
    "name":"",
    "label":"",
    "className":"Simulink.Line",
    "icon":"LineIcon_icon"
   },
   {
    "sid":"X_Ray_Control_System_stable_with_deadzone:5#out:1;line",
    "rsid":"X_Ray_Control_System_stable_with_deadzone:5#out:1;line",
    "name":"",
    "label":"",
    "className":"Simulink.Line",
    "icon":"LineIcon_icon"
   },
   {
    "sid":"X_Ray_Control_System_stable_with_deadzone:39#out:1;line",
    "rsid":"X_Ray_Control_System_stable_with_deadzone:39#out:1;line",
    "name":"",
    "label":"",
    "className":"Simulink.Line",
    "icon":"LineIcon_icon"
   },
   {
    "sid":"X_Ray_Control_System_stable_with_deadzone:131#out:1;line",
    "rsid":"X_Ray_Control_System_stable_with_deadzone:131#out:1;line",
    "name":"",
    "label":"",
    "className":"Simulink.Line",
    "icon":"LineIcon_icon"
   },
   {
    "sid":"X_Ray_Control_System_stable_with_deadzone:19#out:1;line",
    "rsid":"X_Ray_Control_System_stable_with_deadzone:19#out:1;line",
    "name":"",
    "label":"",
    "className":"Simulink.Line",
    "icon":"LineIcon_icon"
   },
   {
    "sid":"X_Ray_Control_System_stable_with_deadzone:128#out:1;line",
    "rsid":"X_Ray_Control_System_stable_with_deadzone:128#out:1;line",
    "name":"",
    "label":"",
    "className":"Simulink.Line",
    "icon":"LineIcon_icon"
   },
   {
    "sid":"X_Ray_Control_System_stable_with_deadzone:130#out:1;line",
    "rsid":"X_Ray_Control_System_stable_with_deadzone:130#out:1;line",
    "name":"",
    "label":"",
    "className":"Simulink.Line",
    "icon":"LineIcon_icon"
   },
   {
    "sid":"X_Ray_Control_System_stable_with_deadzone:40#out:1;line",
    "rsid":"X_Ray_Control_System_stable_with_deadzone:40#out:1;line",
    "name":"",
    "label":"",
    "className":"Simulink.Line",
    "icon":"LineIcon_icon"
   },
   {
    "sid":"X_Ray_Control_System_stable_with_deadzone:6#out:1;line",
    "rsid":"X_Ray_Control_System_stable_with_deadzone:6#out:1;line",
    "name":"",
    "label":"",
    "className":"Simulink.Line",
    "icon":"LineIcon_icon"
   },
   {
    "sid":"X_Ray_Control_System_stable_with_deadzone:167#out:1;line",
    "rsid":"X_Ray_Control_System_stable_with_deadzone:167#out:1;line",
    "name":"",
    "label":"",
    "className":"Simulink.Line",
    "icon":"LineIcon_icon"
   },
   {
    "sid":"X_Ray_Control_System_stable_with_deadzone:4#out:1;line",
    "rsid":"X_Ray_Control_System_stable_with_deadzone:4#out:1;line",
    "name":"",
    "label":"",
    "className":"Simulink.Line",
    "icon":"LineIcon_icon"
   },
   {
    "sid":"X_Ray_Control_System_stable_with_deadzone:168#out:1;line",
    "rsid":"X_Ray_Control_System_stable_with_deadzone:168#out:1;line",
    "name":"",
    "label":"",
    "className":"Simulink.Line",
    "icon":"LineIcon_icon"
   },
   {
    "sid":"X_Ray_Control_System_stable_with_deadzone:165#out:1;line",
    "rsid":"X_Ray_Control_System_stable_with_deadzone:165#out:1;line",
    "name":"",
    "label":"",
    "className":"Simulink.Line",
    "icon":"LineIcon_icon"
   },
   {
    "sid":"X_Ray_Control_System_stable_with_deadzone:166#out:1;line",
    "rsid":"X_Ray_Control_System_stable_with_deadzone:166#out:1;line",
    "name":"",
    "label":"",
    "className":"Simulink.Line",
    "icon":"LineIcon_icon"
   },
   {
    "sid":"X_Ray_Control_System_stable_with_deadzone:164#out:1;line",
    "rsid":"X_Ray_Control_System_stable_with_deadzone:164#out:1;line",
    "name":"",
    "label":"",
    "className":"Simulink.Line",
    "icon":"LineIcon_icon"
   },
   {
    "sid":"X_Ray_Control_System_stable_with_deadzone:233#out:1;line",
    "rsid":"X_Ray_Control_System_stable_with_deadzone:233#out:1;line",
    "name":"",
    "label":"",
    "className":"Simulink.Line",
    "icon":"LineIcon_icon"
   },
   {
    "sid":"X_Ray_Control_System_stable_with_deadzone:228#out:1;line",
    "rsid":"X_Ray_Control_System_stable_with_deadzone:228#out:1;line",
    "name":"",
    "label":"",
    "className":"Simulink.Line",
    "icon":"LineIcon_icon"
   },
   {
    "sid":"X_Ray_Control_System_stable_with_deadzone:229#out:1;line",
    "rsid":"X_Ray_Control_System_stable_with_deadzone:229#out:1;line",
    "name":"",
    "label":"",
    "className":"Simulink.Line",
    "icon":"LineIcon_icon"
   },
   {
    "sid":"X_Ray_Control_System_stable_with_deadzone:230#out:1;line",
    "rsid":"X_Ray_Control_System_stable_with_deadzone:230#out:1;line",
    "name":"",
    "label":"",
    "className":"Simulink.Line",
    "icon":"LineIcon_icon"
   },
   {
    "sid":"X_Ray_Control_System_stable_with_deadzone:231#out:1;line",
    "rsid":"X_Ray_Control_System_stable_with_deadzone:231#out:1;line",
    "name":"",
    "label":"",
    "className":"Simulink.Line",
    "icon":"LineIcon_icon"
   },
   {
    "sid":"X_Ray_Control_System_stable_with_deadzone:232#out:1;line",
    "rsid":"X_Ray_Control_System_stable_with_deadzone:232#out:1;line",
    "name":"",
    "label":"",
    "className":"Simulink.Line",
    "icon":"LineIcon_icon"
   },
   {
    "sid":"X_Ray_Control_System_stable_with_deadzone:235#out:1;line",
    "rsid":"X_Ray_Control_System_stable_with_deadzone:235#out:1;line",
    "name":"",
    "label":"",
    "className":"Simulink.Line",
    "icon":"LineIcon_icon"
   },
   {
    "sid":"X_Ray_Control_System_stable_with_deadzone:236#out:1;line",
    "rsid":"X_Ray_Control_System_stable_with_deadzone:236#out:1;line",
    "name":"",
    "label":"",
    "className":"Simulink.Line",
    "icon":"LineIcon_icon"
   }
  ],
  "sysViewURL":"support/slwebview_files/X_Ray_Control_System_stable_with_deadzone_163_d.json",
  "sameAsElement":false
 }
]