[
 {
  "sid":"X_Ray_Control_System_stable_with_deadzone:164",
  "inspector":{
   "params":[
    "Port",
    "IconDisplay",
    "LatchByDelayingOutsideSignal",
    "LatchInputForFeedbackSignals",
    "OutputFunctionCall",
    "OutMin",
    "OutMax",
    "OutDataTypeStr",
    "LockScale",
    "Unit",
    "PortDimensions",
    "VarSizeSig",
    "SignalType",
    "SampleTime",
    "Description",
    "BusOutputAsStruct",
    "BusVirtuality",
    "DataMode",
    "EventTriggers",
    "InputConnect",
    "Interpolate",
    "MessageQueueCapacity",
    "MessageQueueOverwriting",
    "MessageQueueType",
    "MessageQueueUseDefaultAttributes"
   ],
   "values":[
    "1",
    "Port number",
    "off",
    "off",
    "off",
    "[]",
    "[]",
    "single",
    "off",
    "inherit",
    "-1",
    "Inherit",
    "auto",
    "-1",
    "",
    "off",
    "inherit",
    "inherit",
    "{}",
    "",
    "on",
    "1",
    "on",
    "LIFO",
    "on"
   ],
   "tabs":[
    "Main",
    "Signal Attributes",
    "Execution",
    "Documentation",
    "-Other"
   ],
   "tabs_idx":[
    0,
    4,
    13,
    14,
    15
   ]
  },
  "viewer":{
   "jshandler":"webview/handlers/ElementHandler"
  },
  "obj_viewer":[
  ],
  "finder":{
   "blocktype":"Inport",
   "masktype":""
  }
 },
 {
  "sid":"X_Ray_Control_System_stable_with_deadzone:165",
  "inspector":{
   "params":[
    "Port",
    "IconDisplay",
    "LatchByDelayingOutsideSignal",
    "LatchInputForFeedbackSignals",
    "OutputFunctionCall",
    "OutMin",
    "OutMax",
    "OutDataTypeStr",
    "LockScale",
    "Unit",
    "PortDimensions",
    "VarSizeSig",
    "SignalType",
    "SampleTime",
    "Description",
    "BusOutputAsStruct",
    "BusVirtuality",
    "DataMode",
    "EventTriggers",
    "InputConnect",
    "Interpolate",
    "MessageQueueCapacity",
    "MessageQueueOverwriting",
    "MessageQueueType",
    "MessageQueueUseDefaultAttributes"
   ],
   "values":[
    "2",
    "Port number",
    "off",
    "off",
    "off",
    "[]",
    "[]",
    "Inherit: auto",
    "off",
    "inherit",
    "-1",
    "Inherit",
    "auto",
    "0.01",
    "",
    "off",
    "inherit",
    "inherit",
    "{}",
    "",
    "on",
    "1",
    "on",
    "LIFO",
    "on"
   ],
   "tabs":[
    "Main",
    "Signal Attributes",
    "Execution",
    "Documentation",
    "-Other"
   ],
   "tabs_idx":[
    0,
    4,
    13,
    14,
    15
   ]
  },
  "viewer":{
   "jshandler":"webview/handlers/ElementHandler"
  },
  "obj_viewer":[
  ],
  "finder":{
   "blocktype":"Inport",
   "masktype":""
  }
 },
 {
  "sid":"X_Ray_Control_System_stable_with_deadzone:166",
  "inspector":{
   "params":[
    "Port",
    "IconDisplay",
    "LatchByDelayingOutsideSignal",
    "LatchInputForFeedbackSignals",
    "OutputFunctionCall",
    "OutMin",
    "OutMax",
    "OutDataTypeStr",
    "LockScale",
    "Unit",
    "PortDimensions",
    "VarSizeSig",
    "SignalType",
    "SampleTime",
    "Description",
    "BusOutputAsStruct",
    "BusVirtuality",
    "DataMode",
    "EventTriggers",
    "InputConnect",
    "Interpolate",
    "MessageQueueCapacity",
    "MessageQueueOverwriting",
    "MessageQueueType",
    "MessageQueueUseDefaultAttributes"
   ],
   "values":[
    "3",
    "Port number",
    "off",
    "off",
    "off",
    "[]",
    "[]",
    "single",
    "off",
    "inherit",
    "-1",
    "Inherit",
    "auto",
    "-1",
    "",
    "off",
    "inherit",
    "inherit",
    "{}",
    "",
    "on",
    "1",
    "on",
    "LIFO",
    "on"
   ],
   "tabs":[
    "Main",
    "Signal Attributes",
    "Execution",
    "Documentation",
    "-Other"
   ],
   "tabs_idx":[
    0,
    4,
    13,
    14,
    15
   ]
  },
  "viewer":{
   "jshandler":"webview/handlers/ElementHandler"
  },
  "obj_viewer":[
  ],
  "finder":{
   "blocktype":"Inport",
   "masktype":""
  }
 },
 {
  "sid":"X_Ray_Control_System_stable_with_deadzone:167",
  "inspector":{
   "params":[
    "Port",
    "IconDisplay",
    "LatchByDelayingOutsideSignal",
    "LatchInputForFeedbackSignals",
    "OutputFunctionCall",
    "OutMin",
    "OutMax",
    "OutDataTypeStr",
    "LockScale",
    "Unit",
    "PortDimensions",
    "VarSizeSig",
    "SignalType",
    "SampleTime",
    "Description",
    "BusOutputAsStruct",
    "BusVirtuality",
    "DataMode",
    "EventTriggers",
    "InputConnect",
    "Interpolate",
    "MessageQueueCapacity",
    "MessageQueueOverwriting",
    "MessageQueueType",
    "MessageQueueUseDefaultAttributes"
   ],
   "values":[
    "4",
    "Port number",
    "off",
    "off",
    "off",
    "[]",
    "[]",
    "single",
    "off",
    "inherit",
    "-1",
    "Inherit",
    "auto",
    "0.01",
    "",
    "off",
    "inherit",
    "inherit",
    "{}",
    "",
    "on",
    "1",
    "on",
    "LIFO",
    "on"
   ],
   "tabs":[
    "Main",
    "Signal Attributes",
    "Execution",
    "Documentation",
    "-Other"
   ],
   "tabs_idx":[
    0,
    4,
    13,
    14,
    15
   ]
  },
  "viewer":{
   "jshandler":"webview/handlers/ElementHandler"
  },
  "obj_viewer":[
  ],
  "finder":{
   "blocktype":"Inport",
   "masktype":""
  }
 },
 {
  "sid":"X_Ray_Control_System_stable_with_deadzone:168",
  "inspector":{
   "params":[
    "Port",
    "IconDisplay",
    "LatchByDelayingOutsideSignal",
    "LatchInputForFeedbackSignals",
    "OutputFunctionCall",
    "OutMin",
    "OutMax",
    "OutDataTypeStr",
    "LockScale",
    "Unit",
    "PortDimensions",
    "VarSizeSig",
    "SignalType",
    "SampleTime",
    "Description",
    "BusOutputAsStruct",
    "BusVirtuality",
    "DataMode",
    "EventTriggers",
    "InputConnect",
    "Interpolate",
    "MessageQueueCapacity",
    "MessageQueueOverwriting",
    "MessageQueueType",
    "MessageQueueUseDefaultAttributes"
   ],
   "values":[
    "5",
    "Port number",
    "off",
    "off",
    "off",
    "[]",
    "[]",
    "Inherit: auto",
    "off",
    "inherit",
    "-1",
    "Inherit",
    "auto",
    "-1",
    "",
    "off",
    "inherit",
    "inherit",
    "{}",
    "",
    "on",
    "1",
    "on",
    "LIFO",
    "on"
   ],
   "tabs":[
    "Main",
    "Signal Attributes",
    "Execution",
    "Documentation",
    "-Other"
   ],
   "tabs_idx":[
    0,
    4,
    13,
    14,
    15
   ]
  },
  "viewer":{
   "jshandler":"webview/handlers/ElementHandler"
  },
  "obj_viewer":[
  ],
  "finder":{
   "blocktype":"Inport",
   "masktype":""
  }
 },
 {
  "sid":"X_Ray_Control_System_stable_with_deadzone:34",
  "inspector":{
   "params":[
    "Inputs",
    "Multiplication",
    "InputSameDT",
    "OutMin",
    "OutMax",
    "OutDataTypeStr",
    "LockScale",
    "RndMeth",
    "SaturateOnIntegerOverflow",
    "Description",
    "CollapseDim",
    "CollapseMode",
    "SampleTime"
   ],
   "values":[
    "2",
    "Element-wise(.*)",
    "off",
    "[]",
    "[]",
    "single",
    "off",
    "Floor",
    "off",
    "",
    "1",
    "All dimensions",
    "-1"
   ],
   "tabs":[
    "Main",
    "Signal Attributes",
    "Documentation",
    "-Other"
   ],
   "tabs_idx":[
    0,
    2,
    9,
    10
   ]
  },
  "viewer":{
   "jshandler":"webview/handlers/ElementHandler"
  },
  "obj_viewer":[
  ],
  "finder":{
   "blocktype":"Product",
   "masktype":""
  }
 },
 {
  "sid":"X_Ray_Control_System_stable_with_deadzone:228",
  "inspector":{
   "params":[
    "OutMin",
    "OutMax",
    "OutDataTypeStr",
    "LockScale",
    "ConvertRealWorld",
    "RndMeth",
    "SaturateOnIntegerOverflow",
    "Description",
    "SampleTime"
   ],
   "values":[
    "[]",
    "[]",
    "single",
    "off",
    "Real World Value (RWV)",
    "Floor",
    "off",
    "",
    "-1"
   ],
   "tabs":[
    "Parameter Attributes",
    "Documentation",
    "-Other"
   ],
   "tabs_idx":[
    0,
    7,
    8
   ]
  },
  "viewer":{
   "jshandler":"webview/handlers/ElementHandler"
  },
  "obj_viewer":[
  ],
  "finder":{
   "blocktype":"DataTypeConversion",
   "masktype":""
  }
 },
 {
  "sid":"X_Ray_Control_System_stable_with_deadzone:128",
  "inspector":{
   "params":[
    "LowerValue",
    "UpperValue",
    "SaturateOnIntegerOverflow",
    "LinearizeAsGain",
    "ZeroCross",
    "Description",
    "SampleTime"
   ],
   "values":[
    "-0.5",
    "0.5",
    "on",
    "on",
    "on",
    "",
    "-1"
   ],
   "tabs":[
    "Parameter Attributes",
    "Documentation",
    "-Other"
   ],
   "tabs_idx":[
    0,
    5,
    6
   ]
  },
  "viewer":{
   "jshandler":"webview/handlers/ElementHandler"
  },
  "obj_viewer":[
  ],
  "finder":{
   "blocktype":"DeadZone",
   "masktype":""
  }
 },
 {
  "sid":"X_Ray_Control_System_stable_with_deadzone:235",
  "inspector":{
   "params":[
    "DelayLengthSource",
    "InitialConditionSource",
    "DelayLength",
    "InitialCondition",
    "InputProcessing",
    "UseCircularBuffer",
    "ShowEnablePort",
    "ExternalReset",
    "SampleTime",
    "StateName",
    "StateMustResolveToSignalObject",
    "Description",
    "CodeGenStateStorageTypeQualifier",
    "DelayLengthUpperLimit",
    "DiagnosticForDelayLength",
    "PreventDirectFeedthrough",
    "RemoveDelayLengthCheckInGeneratedCode",
    "StateSignalObject",
    "StateStorageClass"
   ],
   "values":[
    "Dialog",
    "Dialog",
    "8",
    "0.0",
    "Elements as channels (sample based)",
    "off",
    "off",
    "None",
    "-1",
    "",
    "off",
    "",
    "",
    "100",
    "None",
    "off",
    "off",
    [
    ],
    "Auto"
   ],
   "tabs":[
    "Main",
    "State Attributes",
    "Documentation",
    "-Other"
   ],
   "tabs_idx":[
    0,
    9,
    11,
    12
   ]
  },
  "viewer":{
   "jshandler":"webview/handlers/ElementHandler"
  },
  "obj_viewer":[
  ],
  "finder":{
   "blocktype":"Delay",
   "masktype":""
  }
 },
 {
  "sid":"X_Ray_Control_System_stable_with_deadzone:236",
  "inspector":{
   "params":[
    "DelayLengthSource",
    "InitialConditionSource",
    "DelayLength",
    "InitialCondition",
    "InputProcessing",
    "UseCircularBuffer",
    "ShowEnablePort",
    "ExternalReset",
    "SampleTime",
    "StateName",
    "StateMustResolveToSignalObject",
    "Description",
    "CodeGenStateStorageTypeQualifier",
    "DelayLengthUpperLimit",
    "DiagnosticForDelayLength",
    "PreventDirectFeedthrough",
    "RemoveDelayLengthCheckInGeneratedCode",
    "StateSignalObject",
    "StateStorageClass"
   ],
   "values":[
    "Dialog",
    "Dialog",
    "6",
    "0.0",
    "Elements as channels (sample based)",
    "off",
    "off",
    "None",
    "-1",
    "",
    "off",
    "",
    "",
    "100",
    "None",
    "off",
    "off",
    [
    ],
    "Auto"
   ],
   "tabs":[
    "Main",
    "State Attributes",
    "Documentation",
    "-Other"
   ],
   "tabs_idx":[
    0,
    9,
    11,
    12
   ]
  },
  "viewer":{
   "jshandler":"webview/handlers/ElementHandler"
  },
  "obj_viewer":[
  ],
  "finder":{
   "blocktype":"Delay",
   "masktype":""
  }
 },
 {
  "sid":"X_Ray_Control_System_stable_with_deadzone:36",
  "inspector":{
   "params":[
    "IconShape",
    "Inputs",
    "OutMin",
    "OutMax",
    "OutDataTypeStr",
    "AccumDataTypeStr",
    "InputSameDT",
    "LockScale",
    "RndMeth",
    "SaturateOnIntegerOverflow",
    "Description",
    "CollapseDim",
    "CollapseMode",
    "SampleTime"
   ],
   "values":[
    "round",
    "|+-",
    "[]",
    "[]",
    "Inherit: Inherit via internal rule",
    "Inherit: Inherit via internal rule",
    "off",
    "off",
    "Floor",
    "off",
    "",
    "1",
    "All dimensions",
    "-1"
   ],
   "tabs":[
    "Main",
    "Signal Attributes",
    "Documentation",
    "-Other"
   ],
   "tabs_idx":[
    0,
    2,
    10,
    11
   ]
  },
  "viewer":{
   "jshandler":"webview/handlers/ElementHandler"
  },
  "obj_viewer":[
  ],
  "finder":{
   "blocktype":"Sum",
   "masktype":""
  }
 },
 {
  "sid":"X_Ray_Control_System_stable_with_deadzone:233",
  "inspector":{
   "params":[
    "IconShape",
    "Inputs",
    "OutMin",
    "OutMax",
    "OutDataTypeStr",
    "AccumDataTypeStr",
    "InputSameDT",
    "LockScale",
    "RndMeth",
    "SaturateOnIntegerOverflow",
    "Description",
    "CollapseDim",
    "CollapseMode",
    "SampleTime"
   ],
   "values":[
    "round",
    "|+-",
    "[]",
    "[]",
    "Inherit: Inherit via internal rule",
    "Inherit: Inherit via internal rule",
    "off",
    "off",
    "Floor",
    "off",
    "",
    "1",
    "All dimensions",
    "-1"
   ],
   "tabs":[
    "Main",
    "Signal Attributes",
    "Documentation",
    "-Other"
   ],
   "tabs_idx":[
    0,
    2,
    10,
    11
   ]
  },
  "viewer":{
   "jshandler":"webview/handlers/ElementHandler"
  },
  "obj_viewer":[
  ],
  "finder":{
   "blocktype":"Sum",
   "masktype":""
  }
 },
 {
  "sid":"X_Ray_Control_System_stable_with_deadzone:182",
  "inspector":{
   "params":[
    "NumeratorSource",
    "DenominatorSource",
    "InitialStatesSource",
    "Numerator",
    "Denominator",
    "InitialStates",
    "InputProcessing",
    "ExternalReset",
    "a0EqualsOne",
    "StateDataTypeStr",
    "NumCoefDataTypeStr",
    "NumCoefMin",
    "NumCoefMax",
    "NumProductDataTypeStr",
    "NumAccumDataTypeStr",
    "DenCoefDataTypeStr",
    "DenCoefMin",
    "DenCoefMax",
    "DenProductDataTypeStr",
    "DenAccumDataTypeStr",
    "OutDataTypeStr",
    "OutMin",
    "OutMax",
    "LockScale",
    "RndMeth",
    "SaturateOnIntegerOverflow",
    "StateName",
    "StateMustResolveToSignalObject",
    "Description",
    "FilterStructure",
    "InitialDenominatorStates",
    "MultiplicandDataTypeStr",
    "RTWStateStorageTypeQualifier",
    "SampleTime",
    "StateSignalObject",
    "StateStorageClass"
   ],
   "values":[
    "Dialog",
    "Dialog",
    "Dialog",
    "[0.1667 -0.1667]",
    "[1 0.667]",
    "0",
    "Elements as channels (sample based)",
    "None",
    "off",
    "Inherit: Same as input",
    "Inherit: Inherit via internal rule",
    "[]",
    "[]",
    "Inherit: Inherit via internal rule",
    "Inherit: Inherit via internal rule",
    "Inherit: Inherit via internal rule",
    "[]",
    "[]",
    "Inherit: Inherit via internal rule",
    "Inherit: Inherit via internal rule",
    "Inherit: Same as input",
    "[]",
    "[]",
    "off",
    "Floor",
    "off",
    "",
    "off",
    "",
    "Direct form II",
    "0",
    "Inherit: Same as input",
    "",
    "-1",
    [
    ],
    "Auto"
   ],
   "tabs":[
    "Main",
    "Data Types",
    "State Attributes",
    "Documentation",
    "-Other"
   ],
   "tabs_idx":[
    0,
    9,
    26,
    28,
    29
   ]
  },
  "viewer":{
   "jshandler":"webview/handlers/ElementHandler"
  },
  "obj_viewer":[
  ],
  "finder":{
   "blocktype":"DiscreteTransferFcn",
   "masktype":""
  }
 },
 {
  "sid":"X_Ray_Control_System_stable_with_deadzone:6",
  "inspector":{
   "params":[
    "IconShape",
    "Inputs",
    "OutMin",
    "OutMax",
    "OutDataTypeStr",
    "AccumDataTypeStr",
    "InputSameDT",
    "LockScale",
    "RndMeth",
    "SaturateOnIntegerOverflow",
    "Description",
    "CollapseDim",
    "CollapseMode",
    "SampleTime"
   ],
   "values":[
    "round",
    "|-+",
    "[]",
    "[]",
    "Inherit: Inherit via internal rule",
    "Inherit: Inherit via internal rule",
    "off",
    "off",
    "Floor",
    "off",
    "",
    "1",
    "All dimensions",
    "-1"
   ],
   "tabs":[
    "Main",
    "Signal Attributes",
    "Documentation",
    "-Other"
   ],
   "tabs_idx":[
    0,
    2,
    10,
    11
   ]
  },
  "viewer":{
   "jshandler":"webview/handlers/ElementHandler"
  },
  "obj_viewer":[
  ],
  "finder":{
   "blocktype":"Sum",
   "masktype":""
  }
 },
 {
  "sid":"X_Ray_Control_System_stable_with_deadzone:130",
  "inspector":{
   "params":[
    "NumberOfTableDimensions",
    "DataSpecification",
    "BreakpointsSpecification",
    "SupportTunableSize",
    "TableSource",
    "Table",
    "BreakpointsForDimension1",
    "BreakpointsForDimension1Source",
    "BreakpointsForDimension2",
    "BreakpointsForDimension2Source",
    "InterpMethod",
    "ExtrapMethod",
    "IndexSearchMethod",
    "BeginIndexSearchUsingPreviousIndexResult",
    "RemoveProtectionInput",
    "DiagnosticForOutOfRangeInput",
    "UseOneInputPortForAllInputData",
    "TableDataTypeStr",
    "TableMin",
    "TableMax",
    "BreakpointsForDimension1DataTypeStr",
    "BreakpointsForDimension1Min",
    "BreakpointsForDimension1Max",
    "BreakpointsForDimension2DataTypeStr",
    "BreakpointsForDimension2Min",
    "BreakpointsForDimension2Max",
    "FractionDataTypeStr",
    "IntermediateResultsDataTypeStr",
    "OutDataTypeStr",
    "OutMin",
    "OutMax",
    "InternalRulePriority",
    "InputSameDT",
    "LockScale",
    "RndMeth",
    "SaturateOnIntegerOverflow",
    "Description",
    "ApplyAccurateEfficientRounding",
    "ApplyFullPrecisionForLinearInterpolation",
    "BreakpointsForDimension10",
    "BreakpointsForDimension10DataTypeStr",
    "BreakpointsForDimension10FirstPoint",
    "BreakpointsForDimension10Max",
    "BreakpointsForDimension10Min",
    "BreakpointsForDimension10Spacing",
    "BreakpointsForDimension11",
    "BreakpointsForDimension11DataTypeStr",
    "BreakpointsForDimension11FirstPoint",
    "BreakpointsForDimension11Max",
    "BreakpointsForDimension11Min",
    "BreakpointsForDimension11Spacing",
    "BreakpointsForDimension12",
    "BreakpointsForDimension12DataTypeStr",
    "BreakpointsForDimension12FirstPoint",
    "BreakpointsForDimension12Max",
    "BreakpointsForDimension12Min",
    "BreakpointsForDimension12Spacing",
    "BreakpointsForDimension13",
    "BreakpointsForDimension13DataTypeStr",
    "BreakpointsForDimension13FirstPoint",
    "BreakpointsForDimension13Max",
    "BreakpointsForDimension13Min",
    "BreakpointsForDimension13Spacing",
    "BreakpointsForDimension14",
    "BreakpointsForDimension14DataTypeStr",
    "BreakpointsForDimension14FirstPoint",
    "BreakpointsForDimension14Max",
    "BreakpointsForDimension14Min",
    "BreakpointsForDimension14Spacing",
    "BreakpointsForDimension15",
    "BreakpointsForDimension15DataTypeStr",
    "BreakpointsForDimension15FirstPoint",
    "BreakpointsForDimension15Max",
    "BreakpointsForDimension15Min",
    "BreakpointsForDimension15Spacing",
    "BreakpointsForDimension16",
    "BreakpointsForDimension16DataTypeStr",
    "BreakpointsForDimension16FirstPoint",
    "BreakpointsForDimension16Max",
    "BreakpointsForDimension16Min",
    "BreakpointsForDimension16Spacing",
    "BreakpointsForDimension17",
    "BreakpointsForDimension17DataTypeStr",
    "BreakpointsForDimension17FirstPoint",
    "BreakpointsForDimension17Max",
    "BreakpointsForDimension17Min",
    "BreakpointsForDimension17Spacing",
    "BreakpointsForDimension18",
    "BreakpointsForDimension18DataTypeStr",
    "BreakpointsForDimension18FirstPoint",
    "BreakpointsForDimension18Max",
    "BreakpointsForDimension18Min",
    "BreakpointsForDimension18Spacing",
    "BreakpointsForDimension19",
    "BreakpointsForDimension19DataTypeStr",
    "BreakpointsForDimension19FirstPoint",
    "BreakpointsForDimension19Max",
    "BreakpointsForDimension19Min",
    "BreakpointsForDimension19Spacing",
    "BreakpointsForDimension1FirstPoint",
    "BreakpointsForDimension1Spacing",
    "BreakpointsForDimension20",
    "BreakpointsForDimension20DataTypeStr",
    "BreakpointsForDimension20FirstPoint",
    "BreakpointsForDimension20Max",
    "BreakpointsForDimension20Min",
    "BreakpointsForDimension20Spacing",
    "BreakpointsForDimension21",
    "BreakpointsForDimension21DataTypeStr",
    "BreakpointsForDimension21FirstPoint",
    "BreakpointsForDimension21Max",
    "BreakpointsForDimension21Min",
    "BreakpointsForDimension21Spacing",
    "BreakpointsForDimension22",
    "BreakpointsForDimension22DataTypeStr",
    "BreakpointsForDimension22FirstPoint",
    "BreakpointsForDimension22Max",
    "BreakpointsForDimension22Min",
    "BreakpointsForDimension22Spacing",
    "BreakpointsForDimension23",
    "BreakpointsForDimension23DataTypeStr",
    "BreakpointsForDimension23FirstPoint",
    "BreakpointsForDimension23Max",
    "BreakpointsForDimension23Min",
    "BreakpointsForDimension23Spacing",
    "BreakpointsForDimension24",
    "BreakpointsForDimension24DataTypeStr",
    "BreakpointsForDimension24FirstPoint",
    "BreakpointsForDimension24Max",
    "BreakpointsForDimension24Min",
    "BreakpointsForDimension24Spacing",
    "BreakpointsForDimension25",
    "BreakpointsForDimension25DataTypeStr",
    "BreakpointsForDimension25FirstPoint",
    "BreakpointsForDimension25Max",
    "BreakpointsForDimension25Min",
    "BreakpointsForDimension25Spacing",
    "BreakpointsForDimension26",
    "BreakpointsForDimension26DataTypeStr",
    "BreakpointsForDimension26FirstPoint",
    "BreakpointsForDimension26Max",
    "BreakpointsForDimension26Min",
    "BreakpointsForDimension26Spacing",
    "BreakpointsForDimension27",
    "BreakpointsForDimension27DataTypeStr",
    "BreakpointsForDimension27FirstPoint",
    "BreakpointsForDimension27Max",
    "BreakpointsForDimension27Min",
    "BreakpointsForDimension27Spacing",
    "BreakpointsForDimension28",
    "BreakpointsForDimension28DataTypeStr",
    "BreakpointsForDimension28FirstPoint",
    "BreakpointsForDimension28Max",
    "BreakpointsForDimension28Min",
    "BreakpointsForDimension28Spacing",
    "BreakpointsForDimension29",
    "BreakpointsForDimension29DataTypeStr",
    "BreakpointsForDimension29FirstPoint",
    "BreakpointsForDimension29Max",
    "BreakpointsForDimension29Min",
    "BreakpointsForDimension29Spacing",
    "BreakpointsForDimension2FirstPoint",
    "BreakpointsForDimension2Spacing",
    "BreakpointsForDimension3",
    "BreakpointsForDimension30",
    "BreakpointsForDimension30DataTypeStr",
    "BreakpointsForDimension30FirstPoint",
    "BreakpointsForDimension30Max",
    "BreakpointsForDimension30Min",
    "BreakpointsForDimension30Spacing",
    "BreakpointsForDimension3DataTypeStr",
    "BreakpointsForDimension3FirstPoint",
    "BreakpointsForDimension3Max",
    "BreakpointsForDimension3Min",
    "BreakpointsForDimension3Source",
    "BreakpointsForDimension3Spacing",
    "BreakpointsForDimension4",
    "BreakpointsForDimension4DataTypeStr",
    "BreakpointsForDimension4FirstPoint",
    "BreakpointsForDimension4Max",
    "BreakpointsForDimension4Min",
    "BreakpointsForDimension4Spacing",
    "BreakpointsForDimension5",
    "BreakpointsForDimension5DataTypeStr",
    "BreakpointsForDimension5FirstPoint",
    "BreakpointsForDimension5Max",
    "BreakpointsForDimension5Min",
    "BreakpointsForDimension5Spacing",
    "BreakpointsForDimension6",
    "BreakpointsForDimension6DataTypeStr",
    "BreakpointsForDimension6FirstPoint",
    "BreakpointsForDimension6Max",
    "BreakpointsForDimension6Min",
    "BreakpointsForDimension6Spacing",
    "BreakpointsForDimension7",
    "BreakpointsForDimension7DataTypeStr",
    "BreakpointsForDimension7FirstPoint",
    "BreakpointsForDimension7Max",
    "BreakpointsForDimension7Min",
    "BreakpointsForDimension7Spacing",
    "BreakpointsForDimension8",
    "BreakpointsForDimension8DataTypeStr",
    "BreakpointsForDimension8FirstPoint",
    "BreakpointsForDimension8Max",
    "BreakpointsForDimension8Min",
    "BreakpointsForDimension8Spacing",
    "BreakpointsForDimension9",
    "BreakpointsForDimension9DataTypeStr",
    "BreakpointsForDimension9FirstPoint",
    "BreakpointsForDimension9Max",
    "BreakpointsForDimension9Min",
    "BreakpointsForDimension9Spacing",
    "LookupTableObject",
    "MaximumIndicesForEachDimension",
    "N1",
    "N10",
    "N11",
    "N12",
    "N13",
    "N14",
    "N15",
    "N16",
    "N17",
    "N18",
    "N19",
    "N2",
    "N20",
    "N21",
    "N22",
    "N23",
    "N24",
    "N25",
    "N26",
    "N27",
    "N28",
    "N29",
    "N3",
    "N30",
    "N4",
    "N5",
    "N6",
    "N7",
    "N8",
    "N9",
    "SampleTime",
    "SupportTunableTableSize",
    "UseLastTableValue"
   ],
   "values":[
    "2",
    "Table and breakpoints",
    "Explicit values",
    "off",
    "Dialog",
    "fil_curr",
    "tube_curr_ref",
    "Dialog",
    "tube_kV_ref",
    "Dialog",
    "Linear point-slope",
    "Linear",
    "Binary search",
    "off",
    "off",
    "None",
    "off",
    "Inherit: Same as output",
    "[]",
    "[]",
    "Inherit: Same as corresponding input",
    "[]",
    "[]",
    "Inherit: Same as corresponding input",
    "[]",
    "[]",
    "Inherit: Inherit via internal rule",
    "Inherit: Same as output",
    "Inherit: Same as first input",
    "[]",
    "[]",
    "Speed",
    "on",
    "off",
    "Simplest",
    "off",
    "",
    "off",
    "off",
    "[1:3]",
    "Inherit: Same as corresponding input",
    "1",
    "[]",
    "[]",
    "1",
    "[1:3]",
    "Inherit: Same as corresponding input",
    "1",
    "[]",
    "[]",
    "1",
    "[1:3]",
    "Inherit: Same as corresponding input",
    "1",
    "[]",
    "[]",
    "1",
    "[1:3]",
    "Inherit: Same as corresponding input",
    "1",
    "[]",
    "[]",
    "1",
    "[1:3]",
    "Inherit: Same as corresponding input",
    "1",
    "[]",
    "[]",
    "1",
    "[1:3]",
    "Inherit: Same as corresponding input",
    "1",
    "[]",
    "[]",
    "1",
    "[1:3]",
    "Inherit: Same as corresponding input",
    "1",
    "[]",
    "[]",
    "1",
    "[1:3]",
    "Inherit: Same as corresponding input",
    "1",
    "[]",
    "[]",
    "1",
    "[1:3]",
    "Inherit: Same as corresponding input",
    "1",
    "[]",
    "[]",
    "1",
    "[1:3]",
    "Inherit: Same as corresponding input",
    "1",
    "[]",
    "[]",
    "1",
    "1",
    "1",
    "[1:3]",
    "Inherit: Same as corresponding input",
    "1",
    "[]",
    "[]",
    "1",
    "[1:3]",
    "Inherit: Same as corresponding input",
    "1",
    "[]",
    "[]",
    "1",
    "[1:3]",
    "Inherit: Same as corresponding input",
    "1",
    "[]",
    "[]",
    "1",
    "[1:3]",
    "Inherit: Same as corresponding input",
    "1",
    "[]",
    "[]",
    "1",
    "[1:3]",
    "Inherit: Same as corresponding input",
    "1",
    "[]",
    "[]",
    "1",
    "[1:3]",
    "Inherit: Same as corresponding input",
    "1",
    "[]",
    "[]",
    "1",
    "[1:3]",
    "Inherit: Same as corresponding input",
    "1",
    "[]",
    "[]",
    "1",
    "[1:3]",
    "Inherit: Same as corresponding input",
    "1",
    "[]",
    "[]",
    "1",
    "[1:3]",
    "Inherit: Same as corresponding input",
    "1",
    "[]",
    "[]",
    "1",
    "[1:3]",
    "Inherit: Same as corresponding input",
    "1",
    "[]",
    "[]",
    "1",
    "1",
    "1",
    "[1:3]",
    "[1:3]",
    "Inherit: Same as corresponding input",
    "1",
    "[]",
    "[]",
    "1",
    "Inherit: Same as corresponding input",
    "1",
    "[]",
    "[]",
    "Dialog",
    "1",
    "[1:3]",
    "Inherit: Same as corresponding input",
    "1",
    "[]",
    "[]",
    "1",
    "[1:3]",
    "Inherit: Same as corresponding input",
    "1",
    "[]",
    "[]",
    "1",
    "[1:3]",
    "Inherit: Same as corresponding input",
    "1",
    "[]",
    "[]",
    "1",
    "[1:3]",
    "Inherit: Same as corresponding input",
    "1",
    "[]",
    "[]",
    "1",
    "[1:3]",
    "Inherit: Same as corresponding input",
    "1",
    "[]",
    "[]",
    "1",
    "[1:3]",
    "Inherit: Same as corresponding input",
    "1",
    "[]",
    "[]",
    "1",
    "",
    "[]",
    "-1",
    "-1",
    "-1",
    "-1",
    "-1",
    "-1",
    "-1",
    "-1",
    "-1",
    "-1",
    "-1",
    "-1",
    "-1",
    "-1",
    "-1",
    "-1",
    "-1",
    "-1",
    "-1",
    "-1",
    "-1",
    "-1",
    "-1",
    "-1",
    "-1",
    "-1",
    "-1",
    "-1",
    "-1",
    "-1",
    "-1",
    "off",
    "off"
   ],
   "tabs":[
    "Table and Breakpoints",
    "Algorithm",
    "Data Types",
    "Documentation",
    "-Other"
   ],
   "tabs_idx":[
    0,
    10,
    17,
    36,
    37
   ]
  },
  "viewer":{
   "jshandler":"webview/handlers/ElementHandler"
  },
  "obj_viewer":[
  ],
  "finder":{
   "blocktype":"Lookup_n-D",
   "masktype":""
  }
 },
 {
  "sid":"X_Ray_Control_System_stable_with_deadzone:131",
  "inspector":{
   "params":[
    "NumberOfTableDimensions",
    "DataSpecification",
    "BreakpointsSpecification",
    "SupportTunableSize",
    "TableSource",
    "Table",
    "BreakpointsForDimension1",
    "BreakpointsForDimension1Source",
    "BreakpointsForDimension2",
    "BreakpointsForDimension2Source",
    "InterpMethod",
    "ExtrapMethod",
    "IndexSearchMethod",
    "BeginIndexSearchUsingPreviousIndexResult",
    "RemoveProtectionInput",
    "DiagnosticForOutOfRangeInput",
    "UseOneInputPortForAllInputData",
    "TableDataTypeStr",
    "TableMin",
    "TableMax",
    "BreakpointsForDimension1DataTypeStr",
    "BreakpointsForDimension1Min",
    "BreakpointsForDimension1Max",
    "BreakpointsForDimension2DataTypeStr",
    "BreakpointsForDimension2Min",
    "BreakpointsForDimension2Max",
    "FractionDataTypeStr",
    "IntermediateResultsDataTypeStr",
    "OutDataTypeStr",
    "OutMin",
    "OutMax",
    "InternalRulePriority",
    "InputSameDT",
    "LockScale",
    "RndMeth",
    "SaturateOnIntegerOverflow",
    "Description",
    "ApplyAccurateEfficientRounding",
    "ApplyFullPrecisionForLinearInterpolation",
    "BreakpointsForDimension10",
    "BreakpointsForDimension10DataTypeStr",
    "BreakpointsForDimension10FirstPoint",
    "BreakpointsForDimension10Max",
    "BreakpointsForDimension10Min",
    "BreakpointsForDimension10Spacing",
    "BreakpointsForDimension11",
    "BreakpointsForDimension11DataTypeStr",
    "BreakpointsForDimension11FirstPoint",
    "BreakpointsForDimension11Max",
    "BreakpointsForDimension11Min",
    "BreakpointsForDimension11Spacing",
    "BreakpointsForDimension12",
    "BreakpointsForDimension12DataTypeStr",
    "BreakpointsForDimension12FirstPoint",
    "BreakpointsForDimension12Max",
    "BreakpointsForDimension12Min",
    "BreakpointsForDimension12Spacing",
    "BreakpointsForDimension13",
    "BreakpointsForDimension13DataTypeStr",
    "BreakpointsForDimension13FirstPoint",
    "BreakpointsForDimension13Max",
    "BreakpointsForDimension13Min",
    "BreakpointsForDimension13Spacing",
    "BreakpointsForDimension14",
    "BreakpointsForDimension14DataTypeStr",
    "BreakpointsForDimension14FirstPoint",
    "BreakpointsForDimension14Max",
    "BreakpointsForDimension14Min",
    "BreakpointsForDimension14Spacing",
    "BreakpointsForDimension15",
    "BreakpointsForDimension15DataTypeStr",
    "BreakpointsForDimension15FirstPoint",
    "BreakpointsForDimension15Max",
    "BreakpointsForDimension15Min",
    "BreakpointsForDimension15Spacing",
    "BreakpointsForDimension16",
    "BreakpointsForDimension16DataTypeStr",
    "BreakpointsForDimension16FirstPoint",
    "BreakpointsForDimension16Max",
    "BreakpointsForDimension16Min",
    "BreakpointsForDimension16Spacing",
    "BreakpointsForDimension17",
    "BreakpointsForDimension17DataTypeStr",
    "BreakpointsForDimension17FirstPoint",
    "BreakpointsForDimension17Max",
    "BreakpointsForDimension17Min",
    "BreakpointsForDimension17Spacing",
    "BreakpointsForDimension18",
    "BreakpointsForDimension18DataTypeStr",
    "BreakpointsForDimension18FirstPoint",
    "BreakpointsForDimension18Max",
    "BreakpointsForDimension18Min",
    "BreakpointsForDimension18Spacing",
    "BreakpointsForDimension19",
    "BreakpointsForDimension19DataTypeStr",
    "BreakpointsForDimension19FirstPoint",
    "BreakpointsForDimension19Max",
    "BreakpointsForDimension19Min",
    "BreakpointsForDimension19Spacing",
    "BreakpointsForDimension1FirstPoint",
    "BreakpointsForDimension1Spacing",
    "BreakpointsForDimension20",
    "BreakpointsForDimension20DataTypeStr",
    "BreakpointsForDimension20FirstPoint",
    "BreakpointsForDimension20Max",
    "BreakpointsForDimension20Min",
    "BreakpointsForDimension20Spacing",
    "BreakpointsForDimension21",
    "BreakpointsForDimension21DataTypeStr",
    "BreakpointsForDimension21FirstPoint",
    "BreakpointsForDimension21Max",
    "BreakpointsForDimension21Min",
    "BreakpointsForDimension21Spacing",
    "BreakpointsForDimension22",
    "BreakpointsForDimension22DataTypeStr",
    "BreakpointsForDimension22FirstPoint",
    "BreakpointsForDimension22Max",
    "BreakpointsForDimension22Min",
    "BreakpointsForDimension22Spacing",
    "BreakpointsForDimension23",
    "BreakpointsForDimension23DataTypeStr",
    "BreakpointsForDimension23FirstPoint",
    "BreakpointsForDimension23Max",
    "BreakpointsForDimension23Min",
    "BreakpointsForDimension23Spacing",
    "BreakpointsForDimension24",
    "BreakpointsForDimension24DataTypeStr",
    "BreakpointsForDimension24FirstPoint",
    "BreakpointsForDimension24Max",
    "BreakpointsForDimension24Min",
    "BreakpointsForDimension24Spacing",
    "BreakpointsForDimension25",
    "BreakpointsForDimension25DataTypeStr",
    "BreakpointsForDimension25FirstPoint",
    "BreakpointsForDimension25Max",
    "BreakpointsForDimension25Min",
    "BreakpointsForDimension25Spacing",
    "BreakpointsForDimension26",
    "BreakpointsForDimension26DataTypeStr",
    "BreakpointsForDimension26FirstPoint",
    "BreakpointsForDimension26Max",
    "BreakpointsForDimension26Min",
    "BreakpointsForDimension26Spacing",
    "BreakpointsForDimension27",
    "BreakpointsForDimension27DataTypeStr",
    "BreakpointsForDimension27FirstPoint",
    "BreakpointsForDimension27Max",
    "BreakpointsForDimension27Min",
    "BreakpointsForDimension27Spacing",
    "BreakpointsForDimension28",
    "BreakpointsForDimension28DataTypeStr",
    "BreakpointsForDimension28FirstPoint",
    "BreakpointsForDimension28Max",
    "BreakpointsForDimension28Min",
    "BreakpointsForDimension28Spacing",
    "BreakpointsForDimension29",
    "BreakpointsForDimension29DataTypeStr",
    "BreakpointsForDimension29FirstPoint",
    "BreakpointsForDimension29Max",
    "BreakpointsForDimension29Min",
    "BreakpointsForDimension29Spacing",
    "BreakpointsForDimension2FirstPoint",
    "BreakpointsForDimension2Spacing",
    "BreakpointsForDimension3",
    "BreakpointsForDimension30",
    "BreakpointsForDimension30DataTypeStr",
    "BreakpointsForDimension30FirstPoint",
    "BreakpointsForDimension30Max",
    "BreakpointsForDimension30Min",
    "BreakpointsForDimension30Spacing",
    "BreakpointsForDimension3DataTypeStr",
    "BreakpointsForDimension3FirstPoint",
    "BreakpointsForDimension3Max",
    "BreakpointsForDimension3Min",
    "BreakpointsForDimension3Source",
    "BreakpointsForDimension3Spacing",
    "BreakpointsForDimension4",
    "BreakpointsForDimension4DataTypeStr",
    "BreakpointsForDimension4FirstPoint",
    "BreakpointsForDimension4Max",
    "BreakpointsForDimension4Min",
    "BreakpointsForDimension4Spacing",
    "BreakpointsForDimension5",
    "BreakpointsForDimension5DataTypeStr",
    "BreakpointsForDimension5FirstPoint",
    "BreakpointsForDimension5Max",
    "BreakpointsForDimension5Min",
    "BreakpointsForDimension5Spacing",
    "BreakpointsForDimension6",
    "BreakpointsForDimension6DataTypeStr",
    "BreakpointsForDimension6FirstPoint",
    "BreakpointsForDimension6Max",
    "BreakpointsForDimension6Min",
    "BreakpointsForDimension6Spacing",
    "BreakpointsForDimension7",
    "BreakpointsForDimension7DataTypeStr",
    "BreakpointsForDimension7FirstPoint",
    "BreakpointsForDimension7Max",
    "BreakpointsForDimension7Min",
    "BreakpointsForDimension7Spacing",
    "BreakpointsForDimension8",
    "BreakpointsForDimension8DataTypeStr",
    "BreakpointsForDimension8FirstPoint",
    "BreakpointsForDimension8Max",
    "BreakpointsForDimension8Min",
    "BreakpointsForDimension8Spacing",
    "BreakpointsForDimension9",
    "BreakpointsForDimension9DataTypeStr",
    "BreakpointsForDimension9FirstPoint",
    "BreakpointsForDimension9Max",
    "BreakpointsForDimension9Min",
    "BreakpointsForDimension9Spacing",
    "LookupTableObject",
    "MaximumIndicesForEachDimension",
    "N1",
    "N10",
    "N11",
    "N12",
    "N13",
    "N14",
    "N15",
    "N16",
    "N17",
    "N18",
    "N19",
    "N2",
    "N20",
    "N21",
    "N22",
    "N23",
    "N24",
    "N25",
    "N26",
    "N27",
    "N28",
    "N29",
    "N3",
    "N30",
    "N4",
    "N5",
    "N6",
    "N7",
    "N8",
    "N9",
    "SampleTime",
    "SupportTunableTableSize",
    "UseLastTableValue"
   ],
   "values":[
    "2",
    "Table and breakpoints",
    "Explicit values",
    "off",
    "Dialog",
    "fil_curr",
    "tube_curr_ref",
    "Dialog",
    "tube_kV_ref",
    "Dialog",
    "Linear point-slope",
    "Linear",
    "Binary search",
    "off",
    "off",
    "None",
    "off",
    "Inherit: Same as output",
    "[]",
    "[]",
    "Inherit: Same as corresponding input",
    "[]",
    "[]",
    "Inherit: Same as corresponding input",
    "[]",
    "[]",
    "Inherit: Inherit via internal rule",
    "Inherit: Same as output",
    "Inherit: Same as first input",
    "[]",
    "[]",
    "Speed",
    "on",
    "off",
    "Simplest",
    "off",
    "",
    "off",
    "off",
    "[1:3]",
    "Inherit: Same as corresponding input",
    "1",
    "[]",
    "[]",
    "1",
    "[1:3]",
    "Inherit: Same as corresponding input",
    "1",
    "[]",
    "[]",
    "1",
    "[1:3]",
    "Inherit: Same as corresponding input",
    "1",
    "[]",
    "[]",
    "1",
    "[1:3]",
    "Inherit: Same as corresponding input",
    "1",
    "[]",
    "[]",
    "1",
    "[1:3]",
    "Inherit: Same as corresponding input",
    "1",
    "[]",
    "[]",
    "1",
    "[1:3]",
    "Inherit: Same as corresponding input",
    "1",
    "[]",
    "[]",
    "1",
    "[1:3]",
    "Inherit: Same as corresponding input",
    "1",
    "[]",
    "[]",
    "1",
    "[1:3]",
    "Inherit: Same as corresponding input",
    "1",
    "[]",
    "[]",
    "1",
    "[1:3]",
    "Inherit: Same as corresponding input",
    "1",
    "[]",
    "[]",
    "1",
    "[1:3]",
    "Inherit: Same as corresponding input",
    "1",
    "[]",
    "[]",
    "1",
    "1",
    "1",
    "[1:3]",
    "Inherit: Same as corresponding input",
    "1",
    "[]",
    "[]",
    "1",
    "[1:3]",
    "Inherit: Same as corresponding input",
    "1",
    "[]",
    "[]",
    "1",
    "[1:3]",
    "Inherit: Same as corresponding input",
    "1",
    "[]",
    "[]",
    "1",
    "[1:3]",
    "Inherit: Same as corresponding input",
    "1",
    "[]",
    "[]",
    "1",
    "[1:3]",
    "Inherit: Same as corresponding input",
    "1",
    "[]",
    "[]",
    "1",
    "[1:3]",
    "Inherit: Same as corresponding input",
    "1",
    "[]",
    "[]",
    "1",
    "[1:3]",
    "Inherit: Same as corresponding input",
    "1",
    "[]",
    "[]",
    "1",
    "[1:3]",
    "Inherit: Same as corresponding input",
    "1",
    "[]",
    "[]",
    "1",
    "[1:3]",
    "Inherit: Same as corresponding input",
    "1",
    "[]",
    "[]",
    "1",
    "[1:3]",
    "Inherit: Same as corresponding input",
    "1",
    "[]",
    "[]",
    "1",
    "1",
    "1",
    "[1:3]",
    "[1:3]",
    "Inherit: Same as corresponding input",
    "1",
    "[]",
    "[]",
    "1",
    "Inherit: Same as corresponding input",
    "1",
    "[]",
    "[]",
    "Dialog",
    "1",
    "[1:3]",
    "Inherit: Same as corresponding input",
    "1",
    "[]",
    "[]",
    "1",
    "[1:3]",
    "Inherit: Same as corresponding input",
    "1",
    "[]",
    "[]",
    "1",
    "[1:3]",
    "Inherit: Same as corresponding input",
    "1",
    "[]",
    "[]",
    "1",
    "[1:3]",
    "Inherit: Same as corresponding input",
    "1",
    "[]",
    "[]",
    "1",
    "[1:3]",
    "Inherit: Same as corresponding input",
    "1",
    "[]",
    "[]",
    "1",
    "[1:3]",
    "Inherit: Same as corresponding input",
    "1",
    "[]",
    "[]",
    "1",
    "",
    "[]",
    "-1",
    "-1",
    "-1",
    "-1",
    "-1",
    "-1",
    "-1",
    "-1",
    "-1",
    "-1",
    "-1",
    "-1",
    "-1",
    "-1",
    "-1",
    "-1",
    "-1",
    "-1",
    "-1",
    "-1",
    "-1",
    "-1",
    "-1",
    "-1",
    "-1",
    "-1",
    "-1",
    "-1",
    "-1",
    "-1",
    "-1",
    "off",
    "off"
   ],
   "tabs":[
    "Table and Breakpoints",
    "Algorithm",
    "Data Types",
    "Documentation",
    "-Other"
   ],
   "tabs_idx":[
    0,
    10,
    17,
    36,
    37
   ]
  },
  "viewer":{
   "jshandler":"webview/handlers/ElementHandler"
  },
  "obj_viewer":[
  ],
  "finder":{
   "blocktype":"Lookup_n-D",
   "masktype":""
  }
 },
 {
  "sid":"X_Ray_Control_System_stable_with_deadzone:232",
  "inspector":{
   "params":[
    "IconShape",
    "Inputs",
    "OutMin",
    "OutMax",
    "OutDataTypeStr",
    "AccumDataTypeStr",
    "InputSameDT",
    "LockScale",
    "RndMeth",
    "SaturateOnIntegerOverflow",
    "Description",
    "CollapseDim",
    "CollapseMode",
    "SampleTime"
   ],
   "values":[
    "round",
    "|++",
    "[]",
    "[]",
    "Inherit: Inherit via internal rule",
    "Inherit: Inherit via internal rule",
    "off",
    "off",
    "Floor",
    "off",
    "",
    "1",
    "All dimensions",
    "-1"
   ],
   "tabs":[
    "Main",
    "Signal Attributes",
    "Documentation",
    "-Other"
   ],
   "tabs_idx":[
    0,
    2,
    10,
    11
   ]
  },
  "viewer":{
   "jshandler":"webview/handlers/ElementHandler"
  },
  "obj_viewer":[
  ],
  "finder":{
   "blocktype":"Sum",
   "masktype":""
  }
 },
 {
  "sid":"X_Ray_Control_System_stable_with_deadzone:40",
  "inspector":{
   "params":[
    "Value",
    "VectorParams1D",
    "SampleTime",
    "OutMin",
    "OutMax",
    "OutDataTypeStr",
    "LockScale",
    "Description",
    "FramePeriod"
   ],
   "values":[
    "0.4",
    "on",
    "inf",
    "[]",
    "[]",
    "single",
    "off",
    "",
    "inf"
   ],
   "tabs":[
    "Main",
    "Signal Attributes",
    "Documentation",
    "-Other"
   ],
   "tabs_idx":[
    0,
    3,
    7,
    8
   ]
  },
  "viewer":{
   "jshandler":"webview/handlers/ElementHandler"
  },
  "obj_viewer":[
  ],
  "finder":{
   "blocktype":"Constant",
   "masktype":""
  }
 },
 {
  "sid":"X_Ray_Control_System_stable_with_deadzone:19",
  "inspector":{
   "params":[
    "Value",
    "VectorParams1D",
    "SampleTime",
    "OutMin",
    "OutMax",
    "OutDataTypeStr",
    "LockScale",
    "Description",
    "FramePeriod"
   ],
   "values":[
    "5",
    "on",
    "inf",
    "[]",
    "[]",
    "single",
    "off",
    "",
    "inf"
   ],
   "tabs":[
    "Main",
    "Signal Attributes",
    "Documentation",
    "-Other"
   ],
   "tabs_idx":[
    0,
    3,
    7,
    8
   ]
  },
  "viewer":{
   "jshandler":"webview/handlers/ElementHandler"
  },
  "obj_viewer":[
  ],
  "finder":{
   "blocktype":"Constant",
   "masktype":""
  }
 },
 {
  "sid":"X_Ray_Control_System_stable_with_deadzone:35",
  "inspector":{
   "params":[
    "Value",
    "VectorParams1D",
    "SampleTime",
    "OutMin",
    "OutMax",
    "OutDataTypeStr",
    "LockScale",
    "Description",
    "FramePeriod"
   ],
   "values":[
    "0.0005",
    "on",
    "inf",
    "[]",
    "[]",
    "single",
    "off",
    "",
    "inf"
   ],
   "tabs":[
    "Main",
    "Signal Attributes",
    "Documentation",
    "-Other"
   ],
   "tabs_idx":[
    0,
    3,
    7,
    8
   ]
  },
  "viewer":{
   "jshandler":"webview/handlers/ElementHandler"
  },
  "obj_viewer":[
  ],
  "finder":{
   "blocktype":"Constant",
   "masktype":""
  }
 },
 {
  "sid":"X_Ray_Control_System_stable_with_deadzone:4",
  "inspector":{
   "params":[
    "Value",
    "VectorParams1D",
    "SampleTime",
    "OutMin",
    "OutMax",
    "OutDataTypeStr",
    "LockScale",
    "Description",
    "FramePeriod"
   ],
   "values":[
    "1000",
    "on",
    "inf",
    "[]",
    "[]",
    "single",
    "off",
    "",
    "inf"
   ],
   "tabs":[
    "Main",
    "Signal Attributes",
    "Documentation",
    "-Other"
   ],
   "tabs_idx":[
    0,
    3,
    7,
    8
   ]
  },
  "viewer":{
   "jshandler":"webview/handlers/ElementHandler"
  },
  "obj_viewer":[
  ],
  "finder":{
   "blocktype":"Constant",
   "masktype":""
  }
 },
 {
  "sid":"X_Ray_Control_System_stable_with_deadzone:5",
  "inspector":{
   "params":[
    "Inputs",
    "Multiplication",
    "InputSameDT",
    "OutMin",
    "OutMax",
    "OutDataTypeStr",
    "LockScale",
    "RndMeth",
    "SaturateOnIntegerOverflow",
    "Description",
    "CollapseDim",
    "CollapseMode",
    "SampleTime"
   ],
   "values":[
    "2",
    "Element-wise(.*)",
    "off",
    "[]",
    "[]",
    "Inherit: Inherit via internal rule",
    "off",
    "Floor",
    "off",
    "",
    "1",
    "All dimensions",
    "-1"
   ],
   "tabs":[
    "Main",
    "Signal Attributes",
    "Documentation",
    "-Other"
   ],
   "tabs_idx":[
    0,
    2,
    9,
    10
   ]
  },
  "viewer":{
   "jshandler":"webview/handlers/ElementHandler"
  },
  "obj_viewer":[
  ],
  "finder":{
   "blocktype":"Product",
   "masktype":""
  }
 },
 {
  "sid":"X_Ray_Control_System_stable_with_deadzone:39",
  "inspector":{
   "params":[
    "Inputs",
    "Multiplication",
    "InputSameDT",
    "OutMin",
    "OutMax",
    "OutDataTypeStr",
    "LockScale",
    "RndMeth",
    "SaturateOnIntegerOverflow",
    "Description",
    "CollapseDim",
    "CollapseMode",
    "SampleTime"
   ],
   "values":[
    "2",
    "Element-wise(.*)",
    "off",
    "[]",
    "[]",
    "Inherit: Inherit via internal rule",
    "off",
    "Floor",
    "off",
    "",
    "1",
    "All dimensions",
    "-1"
   ],
   "tabs":[
    "Main",
    "Signal Attributes",
    "Documentation",
    "-Other"
   ],
   "tabs_idx":[
    0,
    2,
    9,
    10
   ]
  },
  "viewer":{
   "jshandler":"webview/handlers/ElementHandler"
  },
  "obj_viewer":[
  ],
  "finder":{
   "blocktype":"Product",
   "masktype":""
  }
 },
 {
  "sid":"X_Ray_Control_System_stable_with_deadzone:41",
  "inspector":{
   "params":[
    "Inputs",
    "Multiplication",
    "InputSameDT",
    "OutMin",
    "OutMax",
    "OutDataTypeStr",
    "LockScale",
    "RndMeth",
    "SaturateOnIntegerOverflow",
    "Description",
    "CollapseDim",
    "CollapseMode",
    "SampleTime"
   ],
   "values":[
    "2",
    "Element-wise(.*)",
    "off",
    "[]",
    "[]",
    "single",
    "off",
    "Floor",
    "off",
    "",
    "1",
    "All dimensions",
    "-1"
   ],
   "tabs":[
    "Main",
    "Signal Attributes",
    "Documentation",
    "-Other"
   ],
   "tabs_idx":[
    0,
    2,
    9,
    10
   ]
  },
  "viewer":{
   "jshandler":"webview/handlers/ElementHandler"
  },
  "obj_viewer":[
  ],
  "finder":{
   "blocktype":"Product",
   "masktype":""
  }
 },
 {
  "sid":"X_Ray_Control_System_stable_with_deadzone:229",
  "inspector":{
   "params":[
    "Integrity",
    "Deterministic",
    "InitialCondition",
    "OutPortSampleTimeOpt",
    "OutPortSampleTime",
    "Description",
    "OutPortSampleTimeMultiple"
   ],
   "values":[
    "on",
    "on",
    "0",
    "Specify",
    "0.01",
    "",
    "1"
   ],
   "tabs":[
    "Parameter Attributes",
    "Documentation",
    "-Other"
   ],
   "tabs_idx":[
    0,
    5,
    6
   ]
  },
  "viewer":{
   "jshandler":"webview/handlers/ElementHandler"
  },
  "obj_viewer":[
  ],
  "finder":{
   "blocktype":"RateTransition",
   "masktype":""
  }
 },
 {
  "sid":"X_Ray_Control_System_stable_with_deadzone:230",
  "inspector":{
   "params":[
    "Integrity",
    "Deterministic",
    "InitialCondition",
    "OutPortSampleTimeOpt",
    "OutPortSampleTime",
    "Description",
    "OutPortSampleTimeMultiple"
   ],
   "values":[
    "on",
    "on",
    "0",
    "Specify",
    "0.01",
    "",
    "1"
   ],
   "tabs":[
    "Parameter Attributes",
    "Documentation",
    "-Other"
   ],
   "tabs_idx":[
    0,
    5,
    6
   ]
  },
  "viewer":{
   "jshandler":"webview/handlers/ElementHandler"
  },
  "obj_viewer":[
  ],
  "finder":{
   "blocktype":"RateTransition",
   "masktype":""
  }
 },
 {
  "sid":"X_Ray_Control_System_stable_with_deadzone:231",
  "inspector":{
   "params":[
    "Integrity",
    "Deterministic",
    "InitialCondition",
    "OutPortSampleTimeOpt",
    "OutPortSampleTime",
    "Description",
    "OutPortSampleTimeMultiple"
   ],
   "values":[
    "on",
    "on",
    "0",
    "Specify",
    "0.01",
    "",
    "1"
   ],
   "tabs":[
    "Parameter Attributes",
    "Documentation",
    "-Other"
   ],
   "tabs_idx":[
    0,
    5,
    6
   ]
  },
  "viewer":{
   "jshandler":"webview/handlers/ElementHandler"
  },
  "obj_viewer":[
  ],
  "finder":{
   "blocktype":"RateTransition",
   "masktype":""
  }
 },
 {
  "sid":"X_Ray_Control_System_stable_with_deadzone:18",
  "inspector":{
   "params":[
    "IconShape",
    "Inputs",
    "OutMin",
    "OutMax",
    "OutDataTypeStr",
    "AccumDataTypeStr",
    "InputSameDT",
    "LockScale",
    "RndMeth",
    "SaturateOnIntegerOverflow",
    "Description",
    "CollapseDim",
    "CollapseMode",
    "SampleTime"
   ],
   "values":[
    "round",
    "|-+",
    "[]",
    "[]",
    "Inherit: Inherit via internal rule",
    "Inherit: Inherit via internal rule",
    "off",
    "off",
    "Floor",
    "off",
    "",
    "1",
    "All dimensions",
    "-1"
   ],
   "tabs":[
    "Main",
    "Signal Attributes",
    "Documentation",
    "-Other"
   ],
   "tabs_idx":[
    0,
    2,
    10,
    11
   ]
  },
  "viewer":{
   "jshandler":"webview/handlers/ElementHandler"
  },
  "obj_viewer":[
  ],
  "finder":{
   "blocktype":"Sum",
   "masktype":""
  }
 },
 {
  "sid":"X_Ray_Control_System_stable_with_deadzone:169",
  "inspector":{
   "params":[
    "Port",
    "IconDisplay",
    "OutMin",
    "OutMax",
    "OutDataTypeStr",
    "LockScale",
    "Unit",
    "PortDimensions",
    "VarSizeSig",
    "SignalType",
    "SampleTime",
    "Description",
    "BusOutputAsStruct",
    "BusVirtuality",
    "DataMode",
    "EnsureOutportIsVirtual",
    "InitialOutput",
    "MustResolveToSignalObject",
    "OutputFunctionCall",
    "OutputWhenDisabled",
    "OutputWhenUnConnected",
    "OutputWhenUnconnectedValue",
    "SignalName",
    "SignalObject",
    "StorageClass",
    "VectorParamsAs1DForOutWhenUnconnected"
   ],
   "values":[
    "1",
    "Port number",
    "[]",
    "[]",
    "Inherit: auto",
    "off",
    "inherit",
    "-1",
    "Inherit",
    "auto",
    "-1",
    "",
    "off",
    "inherit",
    "inherit",
    "off",
    "[]",
    "off",
    "off",
    "held",
    "off",
    "0",
    "",
    [
    ],
    "Auto",
    "on"
   ],
   "tabs":[
    "Main",
    "Signal Attributes",
    "Execution",
    "Documentation",
    "-Other"
   ],
   "tabs_idx":[
    0,
    2,
    10,
    11,
    12
   ]
  },
  "viewer":{
   "jshandler":"webview/handlers/ElementHandler"
  },
  "obj_viewer":[
  ],
  "finder":{
   "blocktype":"Outport",
   "masktype":""
  }
 },
 {
  "sid":"X_Ray_Control_System_stable_with_deadzone:104",
  "inspector":{
   "params":[
    "PlainText",
    "DropShadow",
    "Interpreter",
    "FontName",
    "FontWeight",
    "FontSize",
    "FontAngle",
    "ForegroundColor",
    "BackgroundColor",
    "HorizontalAlignment",
    "UseDisplayTextAsClickCallback",
    "ClickFcn"
   ],
   "values":[
    "Filament current vs Tube current",
    "off",
    "off",
    "auto",
    "auto",
    -1,
    "auto",
    "black",
    "lightBlue",
    "left",
    "off",
    ""
   ],
   "tabs":[
   ],
   "tabs_idx":[
   ]
  },
  "viewer":{
   "jshandler":"webview/handlers/ElementHandler"
  },
  "obj_viewer":[
  ],
  "finder":[
  ]
 },
 {
  "sid":"X_Ray_Control_System_stable_with_deadzone:105",
  "inspector":{
   "params":[
    "PlainText",
    "DropShadow",
    "Interpreter",
    "FontName",
    "FontWeight",
    "FontSize",
    "FontAngle",
    "ForegroundColor",
    "BackgroundColor",
    "HorizontalAlignment",
    "UseDisplayTextAsClickCallback",
    "ClickFcn"
   ],
   "values":[
    "DAC has 0.5mA steps. \nConverts from digital value to Amps",
    "off",
    "off",
    "auto",
    "auto",
    -1,
    "auto",
    "black",
    "lightBlue",
    "left",
    "off",
    ""
   ],
   "tabs":[
   ],
   "tabs_idx":[
   ]
  },
  "viewer":{
   "jshandler":"webview/handlers/ElementHandler"
  },
  "obj_viewer":[
  ],
  "finder":[
  ]
 },
 {
  "sid":"X_Ray_Control_System_stable_with_deadzone:106",
  "inspector":{
   "params":[
    "PlainText",
    "DropShadow",
    "Interpreter",
    "FontName",
    "FontWeight",
    "FontSize",
    "FontAngle",
    "ForegroundColor",
    "BackgroundColor",
    "HorizontalAlignment",
    "UseDisplayTextAsClickCallback",
    "ClickFcn"
   ],
   "values":[
    "Subtracts 5mA from current Filament current",
    "off",
    "rich",
    "auto",
    "auto",
    -1,
    "auto",
    "black",
    "lightBlue",
    "left",
    "off",
    ""
   ],
   "tabs":[
   ],
   "tabs_idx":[
   ]
  },
  "viewer":{
   "jshandler":"webview/handlers/ElementHandler"
  },
  "obj_viewer":[
  ],
  "finder":[
  ]
 },
 {
  "sid":"X_Ray_Control_System_stable_with_deadzone:107",
  "inspector":{
   "params":[
    "PlainText",
    "DropShadow",
    "Interpreter",
    "FontName",
    "FontWeight",
    "FontSize",
    "FontAngle",
    "ForegroundColor",
    "BackgroundColor",
    "HorizontalAlignment",
    "UseDisplayTextAsClickCallback",
    "ClickFcn"
   ],
   "values":[
    "Delta filament",
    "off",
    "off",
    "auto",
    "auto",
    -1,
    "auto",
    "black",
    "lightBlue",
    "left",
    "off",
    ""
   ],
   "tabs":[
   ],
   "tabs_idx":[
   ]
  },
  "viewer":{
   "jshandler":"webview/handlers/ElementHandler"
  },
  "obj_viewer":[
  ],
  "finder":[
  ]
 },
 {
  "sid":"X_Ray_Control_System_stable_with_deadzone:108",
  "inspector":{
   "params":[
    "PlainText",
    "DropShadow",
    "Interpreter",
    "FontName",
    "FontWeight",
    "FontSize",
    "FontAngle",
    "ForegroundColor",
    "BackgroundColor",
    "HorizontalAlignment",
    "UseDisplayTextAsClickCallback",
    "ClickFcn"
   ],
   "values":[
    "Delta filament * 0.4 = Gain",
    "off",
    "off",
    "auto",
    "auto",
    -1,
    "auto",
    "black",
    "lightBlue",
    "left",
    "off",
    ""
   ],
   "tabs":[
   ],
   "tabs_idx":[
   ]
  },
  "viewer":{
   "jshandler":"webview/handlers/ElementHandler"
  },
  "obj_viewer":[
  ],
  "finder":[
  ]
 },
 {
  "sid":"X_Ray_Control_System_stable_with_deadzone:109",
  "inspector":{
   "params":[
    "PlainText",
    "DropShadow",
    "Interpreter",
    "FontName",
    "FontWeight",
    "FontSize",
    "FontAngle",
    "ForegroundColor",
    "BackgroundColor",
    "HorizontalAlignment",
    "UseDisplayTextAsClickCallback",
    "ClickFcn"
   ],
   "values":[
    "Multiply gain with error",
    "off",
    "off",
    "auto",
    "auto",
    -1,
    "auto",
    "black",
    "lightBlue",
    "left",
    "off",
    ""
   ],
   "tabs":[
   ],
   "tabs_idx":[
   ]
  },
  "viewer":{
   "jshandler":"webview/handlers/ElementHandler"
  },
  "obj_viewer":[
  ],
  "finder":[
  ]
 },
 {
  "sid":"X_Ray_Control_System_stable_with_deadzone:110",
  "inspector":{
   "params":[
    "PlainText",
    "DropShadow",
    "Interpreter",
    "FontName",
    "FontWeight",
    "FontSize",
    "FontAngle",
    "ForegroundColor",
    "BackgroundColor",
    "HorizontalAlignment",
    "UseDisplayTextAsClickCallback",
    "ClickFcn"
   ],
   "values":[
    "Add gain*error to Filref - Subtract derivative to prevent large changes",
    "off",
    "rich",
    "auto",
    "auto",
    -1,
    "auto",
    "black",
    "lightBlue",
    "left",
    "off",
    ""
   ],
   "tabs":[
   ],
   "tabs_idx":[
   ]
  },
  "viewer":{
   "jshandler":"webview/handlers/ElementHandler"
  },
  "obj_viewer":[
  ],
  "finder":[
  ]
 },
 {
  "sid":"X_Ray_Control_System_stable_with_deadzone:36#out:1;line",
  "inspector":{
   "params":[
    "SignalNameFromLabel",
    "MustResolveToSignal",
    "ShowPropagatedSignal",
    "DataLogging",
    "TestPoint",
    "SignalObjectPackage",
    "StorageClass",
    "Description",
    "documentLink"
   ],
   "values":[
    "",
    "off",
    "off",
    "off",
    "off",
    "Simulink",
    "Auto",
    "",
    ""
   ],
   "tabs":[
    "Parameter Attributes",
    "Logging and Accessibility",
    "Code Generation",
    "Documentation"
   ],
   "tabs_idx":[
    0,
    3,
    5,
    7
   ]
  },
  "viewer":{
   "jshandler":"webview/handlers/ElementHandler"
  },
  "obj_viewer":[
  ],
  "finder":[
  ]
 },
 {
  "sid":"X_Ray_Control_System_stable_with_deadzone:35#out:1;line",
  "inspector":{
   "params":[
    "SignalNameFromLabel",
    "MustResolveToSignal",
    "ShowPropagatedSignal",
    "DataLogging",
    "TestPoint",
    "SignalObjectPackage",
    "StorageClass",
    "Description",
    "documentLink"
   ],
   "values":[
    "",
    "off",
    "off",
    "off",
    "off",
    "Simulink",
    "Auto",
    "",
    ""
   ],
   "tabs":[
    "Parameter Attributes",
    "Logging and Accessibility",
    "Code Generation",
    "Documentation"
   ],
   "tabs_idx":[
    0,
    3,
    5,
    7
   ]
  },
  "viewer":{
   "jshandler":"webview/handlers/ElementHandler"
  },
  "obj_viewer":[
  ],
  "finder":[
  ]
 },
 {
  "sid":"X_Ray_Control_System_stable_with_deadzone:182#out:1;line",
  "inspector":{
   "params":[
    "SignalNameFromLabel",
    "MustResolveToSignal",
    "ShowPropagatedSignal",
    "DataLogging",
    "TestPoint",
    "SignalObjectPackage",
    "StorageClass",
    "Description",
    "documentLink"
   ],
   "values":[
    "",
    "off",
    "off",
    "on",
    "off",
    "Simulink",
    "Auto",
    "",
    ""
   ],
   "tabs":[
    "Parameter Attributes",
    "Logging and Accessibility",
    "Code Generation",
    "Documentation"
   ],
   "tabs_idx":[
    0,
    3,
    5,
    7
   ]
  },
  "viewer":{
   "jshandler":"webview/handlers/ElementHandler"
  },
  "obj_viewer":[
  ],
  "finder":[
  ]
 },
 {
  "sid":"X_Ray_Control_System_stable_with_deadzone:34#out:1;line",
  "inspector":{
   "params":[
    "SignalNameFromLabel",
    "MustResolveToSignal",
    "ShowPropagatedSignal",
    "DataLogging",
    "TestPoint",
    "SignalObjectPackage",
    "StorageClass",
    "Description",
    "documentLink"
   ],
   "values":[
    "",
    "off",
    "off",
    "on",
    "off",
    "Simulink",
    "Auto",
    "",
    ""
   ],
   "tabs":[
    "Parameter Attributes",
    "Logging and Accessibility",
    "Code Generation",
    "Documentation"
   ],
   "tabs_idx":[
    0,
    3,
    5,
    7
   ]
  },
  "viewer":{
   "jshandler":"webview/handlers/ElementHandler"
  },
  "obj_viewer":[
  ],
  "finder":[
  ]
 },
 {
  "sid":"X_Ray_Control_System_stable_with_deadzone:18#out:1;line",
  "inspector":{
   "params":[
    "SignalNameFromLabel",
    "MustResolveToSignal",
    "ShowPropagatedSignal",
    "DataLogging",
    "TestPoint",
    "SignalObjectPackage",
    "StorageClass",
    "Description",
    "documentLink"
   ],
   "values":[
    "",
    "off",
    "off",
    "off",
    "off",
    "Simulink",
    "Auto",
    "",
    ""
   ],
   "tabs":[
    "Parameter Attributes",
    "Logging and Accessibility",
    "Code Generation",
    "Documentation"
   ],
   "tabs_idx":[
    0,
    3,
    5,
    7
   ]
  },
  "viewer":{
   "jshandler":"webview/handlers/ElementHandler"
  },
  "obj_viewer":[
  ],
  "finder":[
  ]
 },
 {
  "sid":"X_Ray_Control_System_stable_with_deadzone:41#out:1;line",
  "inspector":{
   "params":[
    "SignalNameFromLabel",
    "MustResolveToSignal",
    "ShowPropagatedSignal",
    "DataLogging",
    "TestPoint",
    "SignalObjectPackage",
    "StorageClass",
    "Description",
    "documentLink"
   ],
   "values":[
    "",
    "off",
    "off",
    "on",
    "off",
    "Simulink",
    "Auto",
    "",
    ""
   ],
   "tabs":[
    "Parameter Attributes",
    "Logging and Accessibility",
    "Code Generation",
    "Documentation"
   ],
   "tabs_idx":[
    0,
    3,
    5,
    7
   ]
  },
  "viewer":{
   "jshandler":"webview/handlers/ElementHandler"
  },
  "obj_viewer":[
  ],
  "finder":[
  ]
 },
 {
  "sid":"X_Ray_Control_System_stable_with_deadzone:5#out:1;line",
  "inspector":{
   "params":[
    "SignalNameFromLabel",
    "MustResolveToSignal",
    "ShowPropagatedSignal",
    "DataLogging",
    "TestPoint",
    "SignalObjectPackage",
    "StorageClass",
    "Description",
    "documentLink"
   ],
   "values":[
    "",
    "off",
    "off",
    "off",
    "off",
    "Simulink",
    "Auto",
    "",
    ""
   ],
   "tabs":[
    "Parameter Attributes",
    "Logging and Accessibility",
    "Code Generation",
    "Documentation"
   ],
   "tabs_idx":[
    0,
    3,
    5,
    7
   ]
  },
  "viewer":{
   "jshandler":"webview/handlers/ElementHandler"
  },
  "obj_viewer":[
  ],
  "finder":[
  ]
 },
 {
  "sid":"X_Ray_Control_System_stable_with_deadzone:39#out:1;line",
  "inspector":{
   "params":[
    "SignalNameFromLabel",
    "MustResolveToSignal",
    "ShowPropagatedSignal",
    "DataLogging",
    "TestPoint",
    "SignalObjectPackage",
    "StorageClass",
    "Description",
    "documentLink"
   ],
   "values":[
    "",
    "off",
    "off",
    "off",
    "off",
    "Simulink",
    "Auto",
    "",
    ""
   ],
   "tabs":[
    "Parameter Attributes",
    "Logging and Accessibility",
    "Code Generation",
    "Documentation"
   ],
   "tabs_idx":[
    0,
    3,
    5,
    7
   ]
  },
  "viewer":{
   "jshandler":"webview/handlers/ElementHandler"
  },
  "obj_viewer":[
  ],
  "finder":[
  ]
 },
 {
  "sid":"X_Ray_Control_System_stable_with_deadzone:131#out:1;line",
  "inspector":{
   "params":[
    "SignalNameFromLabel",
    "MustResolveToSignal",
    "ShowPropagatedSignal",
    "DataLogging",
    "TestPoint",
    "SignalObjectPackage",
    "StorageClass",
    "Description",
    "documentLink"
   ],
   "values":[
    "",
    "off",
    "off",
    "on",
    "off",
    "Simulink",
    "Auto",
    "",
    ""
   ],
   "tabs":[
    "Parameter Attributes",
    "Logging and Accessibility",
    "Code Generation",
    "Documentation"
   ],
   "tabs_idx":[
    0,
    3,
    5,
    7
   ]
  },
  "viewer":{
   "jshandler":"webview/handlers/ElementHandler"
  },
  "obj_viewer":[
  ],
  "finder":[
  ]
 },
 {
  "sid":"X_Ray_Control_System_stable_with_deadzone:19#out:1;line",
  "inspector":{
   "params":[
    "SignalNameFromLabel",
    "MustResolveToSignal",
    "ShowPropagatedSignal",
    "DataLogging",
    "TestPoint",
    "SignalObjectPackage",
    "StorageClass",
    "Description",
    "documentLink"
   ],
   "values":[
    "",
    "off",
    "off",
    "off",
    "off",
    "Simulink",
    "Auto",
    "",
    ""
   ],
   "tabs":[
    "Parameter Attributes",
    "Logging and Accessibility",
    "Code Generation",
    "Documentation"
   ],
   "tabs_idx":[
    0,
    3,
    5,
    7
   ]
  },
  "viewer":{
   "jshandler":"webview/handlers/ElementHandler"
  },
  "obj_viewer":[
  ],
  "finder":[
  ]
 },
 {
  "sid":"X_Ray_Control_System_stable_with_deadzone:128#out:1;line",
  "inspector":{
   "params":[
    "SignalNameFromLabel",
    "MustResolveToSignal",
    "ShowPropagatedSignal",
    "DataLogging",
    "TestPoint",
    "SignalObjectPackage",
    "StorageClass",
    "Description",
    "documentLink"
   ],
   "values":[
    "",
    "off",
    "off",
    "off",
    "off",
    "Simulink",
    "Auto",
    "",
    ""
   ],
   "tabs":[
    "Parameter Attributes",
    "Logging and Accessibility",
    "Code Generation",
    "Documentation"
   ],
   "tabs_idx":[
    0,
    3,
    5,
    7
   ]
  },
  "viewer":{
   "jshandler":"webview/handlers/ElementHandler"
  },
  "obj_viewer":[
  ],
  "finder":[
  ]
 },
 {
  "sid":"X_Ray_Control_System_stable_with_deadzone:130#out:1;line",
  "inspector":{
   "params":[
    "SignalNameFromLabel",
    "MustResolveToSignal",
    "ShowPropagatedSignal",
    "DataLogging",
    "TestPoint",
    "SignalObjectPackage",
    "StorageClass",
    "Description",
    "documentLink"
   ],
   "values":[
    "",
    "off",
    "off",
    "off",
    "off",
    "Simulink",
    "Auto",
    "",
    ""
   ],
   "tabs":[
    "Parameter Attributes",
    "Logging and Accessibility",
    "Code Generation",
    "Documentation"
   ],
   "tabs_idx":[
    0,
    3,
    5,
    7
   ]
  },
  "viewer":{
   "jshandler":"webview/handlers/ElementHandler"
  },
  "obj_viewer":[
  ],
  "finder":[
  ]
 },
 {
  "sid":"X_Ray_Control_System_stable_with_deadzone:40#out:1;line",
  "inspector":{
   "params":[
    "SignalNameFromLabel",
    "MustResolveToSignal",
    "ShowPropagatedSignal",
    "DataLogging",
    "TestPoint",
    "SignalObjectPackage",
    "StorageClass",
    "Description",
    "documentLink"
   ],
   "values":[
    "",
    "off",
    "off",
    "off",
    "off",
    "Simulink",
    "Auto",
    "",
    ""
   ],
   "tabs":[
    "Parameter Attributes",
    "Logging and Accessibility",
    "Code Generation",
    "Documentation"
   ],
   "tabs_idx":[
    0,
    3,
    5,
    7
   ]
  },
  "viewer":{
   "jshandler":"webview/handlers/ElementHandler"
  },
  "obj_viewer":[
  ],
  "finder":[
  ]
 },
 {
  "sid":"X_Ray_Control_System_stable_with_deadzone:6#out:1;line",
  "inspector":{
   "params":[
    "SignalNameFromLabel",
    "MustResolveToSignal",
    "ShowPropagatedSignal",
    "DataLogging",
    "TestPoint",
    "SignalObjectPackage",
    "StorageClass",
    "Description",
    "documentLink"
   ],
   "values":[
    "",
    "off",
    "off",
    "on",
    "off",
    "Simulink",
    "Auto",
    "",
    ""
   ],
   "tabs":[
    "Parameter Attributes",
    "Logging and Accessibility",
    "Code Generation",
    "Documentation"
   ],
   "tabs_idx":[
    0,
    3,
    5,
    7
   ]
  },
  "viewer":{
   "jshandler":"webview/handlers/ElementHandler"
  },
  "obj_viewer":[
  ],
  "finder":[
  ]
 },
 {
  "sid":"X_Ray_Control_System_stable_with_deadzone:167#out:1;line",
  "inspector":{
   "params":[
    "SignalNameFromLabel",
    "MustResolveToSignal",
    "ShowPropagatedSignal",
    "DataLogging",
    "TestPoint",
    "SignalObjectPackage",
    "StorageClass",
    "Description",
    "documentLink"
   ],
   "values":[
    "",
    "off",
    "off",
    "off",
    "off",
    "Simulink",
    "Auto",
    "",
    ""
   ],
   "tabs":[
    "Parameter Attributes",
    "Logging and Accessibility",
    "Code Generation",
    "Documentation"
   ],
   "tabs_idx":[
    0,
    3,
    5,
    7
   ]
  },
  "viewer":{
   "jshandler":"webview/handlers/ElementHandler"
  },
  "obj_viewer":[
  ],
  "finder":[
  ]
 },
 {
  "sid":"X_Ray_Control_System_stable_with_deadzone:4#out:1;line",
  "inspector":{
   "params":[
    "SignalNameFromLabel",
    "MustResolveToSignal",
    "ShowPropagatedSignal",
    "DataLogging",
    "TestPoint",
    "SignalObjectPackage",
    "StorageClass",
    "Description",
    "documentLink"
   ],
   "values":[
    "",
    "off",
    "off",
    "off",
    "off",
    "Simulink",
    "Auto",
    "",
    ""
   ],
   "tabs":[
    "Parameter Attributes",
    "Logging and Accessibility",
    "Code Generation",
    "Documentation"
   ],
   "tabs_idx":[
    0,
    3,
    5,
    7
   ]
  },
  "viewer":{
   "jshandler":"webview/handlers/ElementHandler"
  },
  "obj_viewer":[
  ],
  "finder":[
  ]
 },
 {
  "sid":"X_Ray_Control_System_stable_with_deadzone:168#out:1;line",
  "inspector":{
   "params":[
    "SignalNameFromLabel",
    "MustResolveToSignal",
    "ShowPropagatedSignal",
    "DataLogging",
    "TestPoint",
    "SignalObjectPackage",
    "StorageClass",
    "Description",
    "documentLink"
   ],
   "values":[
    "",
    "off",
    "off",
    "off",
    "off",
    "Simulink",
    "Auto",
    "",
    ""
   ],
   "tabs":[
    "Parameter Attributes",
    "Logging and Accessibility",
    "Code Generation",
    "Documentation"
   ],
   "tabs_idx":[
    0,
    3,
    5,
    7
   ]
  },
  "viewer":{
   "jshandler":"webview/handlers/ElementHandler"
  },
  "obj_viewer":[
  ],
  "finder":[
  ]
 },
 {
  "sid":"X_Ray_Control_System_stable_with_deadzone:165#out:1;line",
  "inspector":{
   "params":[
    "SignalNameFromLabel",
    "MustResolveToSignal",
    "ShowPropagatedSignal",
    "DataLogging",
    "TestPoint",
    "SignalObjectPackage",
    "StorageClass",
    "Description",
    "documentLink"
   ],
   "values":[
    "",
    "off",
    "off",
    "off",
    "off",
    "Simulink",
    "Auto",
    "",
    ""
   ],
   "tabs":[
    "Parameter Attributes",
    "Logging and Accessibility",
    "Code Generation",
    "Documentation"
   ],
   "tabs_idx":[
    0,
    3,
    5,
    7
   ]
  },
  "viewer":{
   "jshandler":"webview/handlers/ElementHandler"
  },
  "obj_viewer":[
  ],
  "finder":[
  ]
 },
 {
  "sid":"X_Ray_Control_System_stable_with_deadzone:166#out:1;line",
  "inspector":{
   "params":[
    "SignalNameFromLabel",
    "MustResolveToSignal",
    "ShowPropagatedSignal",
    "DataLogging",
    "TestPoint",
    "SignalObjectPackage",
    "StorageClass",
    "Description",
    "documentLink"
   ],
   "values":[
    "",
    "off",
    "off",
    "off",
    "off",
    "Simulink",
    "Auto",
    "",
    ""
   ],
   "tabs":[
    "Parameter Attributes",
    "Logging and Accessibility",
    "Code Generation",
    "Documentation"
   ],
   "tabs_idx":[
    0,
    3,
    5,
    7
   ]
  },
  "viewer":{
   "jshandler":"webview/handlers/ElementHandler"
  },
  "obj_viewer":[
  ],
  "finder":[
  ]
 },
 {
  "sid":"X_Ray_Control_System_stable_with_deadzone:164#out:1;line",
  "inspector":{
   "params":[
    "SignalNameFromLabel",
    "MustResolveToSignal",
    "ShowPropagatedSignal",
    "DataLogging",
    "TestPoint",
    "SignalObjectPackage",
    "StorageClass",
    "Description",
    "documentLink"
   ],
   "values":[
    "",
    "off",
    "off",
    "off",
    "off",
    "Simulink",
    "Auto",
    "",
    ""
   ],
   "tabs":[
    "Parameter Attributes",
    "Logging and Accessibility",
    "Code Generation",
    "Documentation"
   ],
   "tabs_idx":[
    0,
    3,
    5,
    7
   ]
  },
  "viewer":{
   "jshandler":"webview/handlers/ElementHandler"
  },
  "obj_viewer":[
  ],
  "finder":[
  ]
 },
 {
  "sid":"X_Ray_Control_System_stable_with_deadzone:233#out:1;line",
  "inspector":{
   "params":[
    "SignalNameFromLabel",
    "MustResolveToSignal",
    "ShowPropagatedSignal",
    "DataLogging",
    "TestPoint",
    "SignalObjectPackage",
    "StorageClass",
    "Description",
    "documentLink"
   ],
   "values":[
    "",
    "off",
    "off",
    "on",
    "off",
    "Simulink",
    "Auto",
    "",
    ""
   ],
   "tabs":[
    "Parameter Attributes",
    "Logging and Accessibility",
    "Code Generation",
    "Documentation"
   ],
   "tabs_idx":[
    0,
    3,
    5,
    7
   ]
  },
  "viewer":{
   "jshandler":"webview/handlers/ElementHandler"
  },
  "obj_viewer":[
  ],
  "finder":[
  ]
 },
 {
  "sid":"X_Ray_Control_System_stable_with_deadzone:228#out:1;line",
  "inspector":{
   "params":[
    "SignalNameFromLabel",
    "MustResolveToSignal",
    "ShowPropagatedSignal",
    "DataLogging",
    "TestPoint",
    "SignalObjectPackage",
    "StorageClass",
    "Description",
    "documentLink"
   ],
   "values":[
    "",
    "off",
    "off",
    "off",
    "off",
    "Simulink",
    "Auto",
    "",
    ""
   ],
   "tabs":[
    "Parameter Attributes",
    "Logging and Accessibility",
    "Code Generation",
    "Documentation"
   ],
   "tabs_idx":[
    0,
    3,
    5,
    7
   ]
  },
  "viewer":{
   "jshandler":"webview/handlers/ElementHandler"
  },
  "obj_viewer":[
  ],
  "finder":[
  ]
 },
 {
  "sid":"X_Ray_Control_System_stable_with_deadzone:229#out:1;line",
  "inspector":{
   "params":[
    "SignalNameFromLabel",
    "MustResolveToSignal",
    "ShowPropagatedSignal",
    "DataLogging",
    "TestPoint",
    "SignalObjectPackage",
    "StorageClass",
    "Description",
    "documentLink"
   ],
   "values":[
    "",
    "off",
    "off",
    "off",
    "off",
    "Simulink",
    "Auto",
    "",
    ""
   ],
   "tabs":[
    "Parameter Attributes",
    "Logging and Accessibility",
    "Code Generation",
    "Documentation"
   ],
   "tabs_idx":[
    0,
    3,
    5,
    7
   ]
  },
  "viewer":{
   "jshandler":"webview/handlers/ElementHandler"
  },
  "obj_viewer":[
  ],
  "finder":[
  ]
 },
 {
  "sid":"X_Ray_Control_System_stable_with_deadzone:230#out:1;line",
  "inspector":{
   "params":[
    "SignalNameFromLabel",
    "MustResolveToSignal",
    "ShowPropagatedSignal",
    "DataLogging",
    "TestPoint",
    "SignalObjectPackage",
    "StorageClass",
    "Description",
    "documentLink"
   ],
   "values":[
    "",
    "off",
    "off",
    "off",
    "off",
    "Simulink",
    "Auto",
    "",
    ""
   ],
   "tabs":[
    "Parameter Attributes",
    "Logging and Accessibility",
    "Code Generation",
    "Documentation"
   ],
   "tabs_idx":[
    0,
    3,
    5,
    7
   ]
  },
  "viewer":{
   "jshandler":"webview/handlers/ElementHandler"
  },
  "obj_viewer":[
  ],
  "finder":[
  ]
 },
 {
  "sid":"X_Ray_Control_System_stable_with_deadzone:231#out:1;line",
  "inspector":{
   "params":[
    "SignalNameFromLabel",
    "MustResolveToSignal",
    "ShowPropagatedSignal",
    "DataLogging",
    "TestPoint",
    "SignalObjectPackage",
    "StorageClass",
    "Description",
    "documentLink"
   ],
   "values":[
    "",
    "off",
    "off",
    "off",
    "off",
    "Simulink",
    "Auto",
    "",
    ""
   ],
   "tabs":[
    "Parameter Attributes",
    "Logging and Accessibility",
    "Code Generation",
    "Documentation"
   ],
   "tabs_idx":[
    0,
    3,
    5,
    7
   ]
  },
  "viewer":{
   "jshandler":"webview/handlers/ElementHandler"
  },
  "obj_viewer":[
  ],
  "finder":[
  ]
 },
 {
  "sid":"X_Ray_Control_System_stable_with_deadzone:232#out:1;line",
  "inspector":{
   "params":[
    "SignalNameFromLabel",
    "MustResolveToSignal",
    "ShowPropagatedSignal",
    "DataLogging",
    "TestPoint",
    "SignalObjectPackage",
    "StorageClass",
    "Description",
    "documentLink"
   ],
   "values":[
    "",
    "off",
    "off",
    "on",
    "off",
    "Simulink",
    "Auto",
    "",
    ""
   ],
   "tabs":[
    "Parameter Attributes",
    "Logging and Accessibility",
    "Code Generation",
    "Documentation"
   ],
   "tabs_idx":[
    0,
    3,
    5,
    7
   ]
  },
  "viewer":{
   "jshandler":"webview/handlers/ElementHandler"
  },
  "obj_viewer":[
  ],
  "finder":[
  ]
 },
 {
  "sid":"X_Ray_Control_System_stable_with_deadzone:235#out:1;line",
  "inspector":{
   "params":[
    "SignalNameFromLabel",
    "MustResolveToSignal",
    "ShowPropagatedSignal",
    "DataLogging",
    "TestPoint",
    "SignalObjectPackage",
    "StorageClass",
    "Description",
    "documentLink"
   ],
   "values":[
    "",
    "off",
    "off",
    "off",
    "off",
    "Simulink",
    "Auto",
    "",
    ""
   ],
   "tabs":[
    "Parameter Attributes",
    "Logging and Accessibility",
    "Code Generation",
    "Documentation"
   ],
   "tabs_idx":[
    0,
    3,
    5,
    7
   ]
  },
  "viewer":{
   "jshandler":"webview/handlers/ElementHandler"
  },
  "obj_viewer":[
  ],
  "finder":[
  ]
 },
 {
  "sid":"X_Ray_Control_System_stable_with_deadzone:236#out:1;line",
  "inspector":{
   "params":[
    "SignalNameFromLabel",
    "MustResolveToSignal",
    "ShowPropagatedSignal",
    "DataLogging",
    "TestPoint",
    "SignalObjectPackage",
    "StorageClass",
    "Description",
    "documentLink"
   ],
   "values":[
    "",
    "off",
    "off",
    "off",
    "off",
    "Simulink",
    "Auto",
    "",
    ""
   ],
   "tabs":[
    "Parameter Attributes",
    "Logging and Accessibility",
    "Code Generation",
    "Documentation"
   ],
   "tabs_idx":[
    0,
    3,
    5,
    7
   ]
  },
  "viewer":{
   "jshandler":"webview/handlers/ElementHandler"
  },
  "obj_viewer":[
  ],
  "finder":[
  ]
 }
]