{
  "CodeGenStatus": [],
  "GenFileList": [
    "Digital_x_ray_control_system_pkg.vhd",
    "Digital_x_ray_control_system_tc.vhd",
    "DirectLUTSubNetwork.vhd",
    "DirectLUTSubNetwork_block.vhd",
    "nfp_wire_single.vhd",
    "nfp_sub_single.vhd",
    "nfp_mul_single.vhd",
    "nfp_add_single.vhd",
    "nfp_div_single.vhd",
    "nfp_convert_double2single.vhd",
    "nfp_relop_single.vhd",
    "nfp_relop_single_block.vhd",
    "Digital_x_ray_control_system.vhd"
  ],
  "Latency": 1,
  "ModelGenStatus": {
    "Version": {
      "Name": "HDL Coder",
      "Version": "25.1",
      "Release": "(R2025a)",
      "Date": "21-Nov-2024"
    },
    "ModelStructuralChecksum": [],
    "CLI": "%%%%%%%%%%%%%%%%%%%%%%%%%%%%%%%%%%%%%%%%%%%%%%%%%%%%%%%%%%%%%%%%%%%%%%\nAll HDL code generation parameters\n%%%%%%%%%%%%%%%%%%%%%%%%%%%%%%%%%%%%%%%%%%%%%%%%%%%%%%%%%%%%%%%%%%%%%%\n\nAXIInterface512BitDataPortFeatureControl                : 'off'\nAXIStreamingTransformFeatureControl                     : 'off'\nAcquireDesignDelaysForEMLOptimizations                  : 'off'\nAdaptivePipelining                                      : 'on'\nAddInputRegister                                        : 'on'\nAddOutputRegister                                       : 'on'\nAddPipelineRegisters                                    : 'off'\nAddRatePort                                             : 'off'\nAdderSharingMinimumBitwidth                             : 0\nAllowDelayDistribution                                  : 'on'\nAlteraBackwardIncompatibleSinCosPipeline                : 'off'\nAlteraWorkflow                                          : 'off'\nAsyncResetPort                                          : 'off'\nAutoPlace                                               : 'on'\nAutoRoute                                               : 'on'\nBackannotation                                          : 'off'\nBalanceClockRateOutputPorts                             : 'on'\nBalanceDelays                                           : 'on'\nBalanceDelaysControlsFeedbackLoops                      : 'on'\nBalanceDelaysForTestpoints                              : 'on'\nBalanceDelaysForTunableParam                            : 'on'\nBlockGenerateLabel                                      : '_gen'\nBlocksWithNoCharacterizationFile                        : 'highlightCriticalPathEstimationOffendingBlocks'\nBooleanVectorDownTo                                     : 'on'\nBuildToProtectModel                                     : 'off'\nCPAnnotationFile                                        : ''\nCPGuidanceFile                                          : ''\nCRPDelayBalancingIterLimit                              : 20\nCRPWithoutFlattening                                    : 'on'\nCastBeforeSum                                           : 'on'\nCheckHDL                                                : 'off'\nClearHighlightingFile                                   : 'clearhighlighting'\nClockEdge                                               : 'Rising'\nClockEnableInputPort                                    : 'clk_enable'\nClockEnableOutputPort                                   : 'ce_out'\nClockHighTime                                           : 5\nClockInputPort                                          : 'clk'\nClockInputs                                             : 'Single'\nClockLowTime                                            : 5\nClockProcessPostfix                                     : '_process'\nClockRatePipelineOutputPorts                            : 'on'\nClockRatePipelining                                     : 'on'\nCoSimLibPostfix                                         : '_cosim'\nCoSimModelSetup                                         : 'CosimBlockAndDut'\nCodeGenerationOutput                                    : 'GenerateHDLCode'\nCoeffMultipliers                                        : 'Multiplier'\nCoeffPrefix                                             : 'coeff'\nCoefficientMemory                                       : 'Registers'\nCoefficientSource                                       : 'Internal'\nCompactSwitch                                           : 'off'\nCompileStrategy                                         : 'CompileAll'\nComplexImagPostfix                                      : '_im'\nComplexMulElaboration                                   : 'MultiplyAddBlock'\nComplexRealPostfix                                      : '_re'\nConcatenateDelays                                       : 'on'\nConcatenateHDLModules                                   : 'off'\nConditionalizePipeline                                  : 'off'\nCriticalPathEstimation                                  : 'off'\nCriticalPathEstimationFile                              : 'criticalPathEstimated'\nCustomDotPath                                           : ''\nCustomFileFooterComment                                 : ''\nCustomFileHeaderComment                                 : ''\nDALUTPartition                                          : -1\nDARadix                                                 : 2\nDateComment                                             : 'on'\nDelayAbsorption                                         : 'on'\nDelayElaborationLimit                                   : 20\nDelaySizeThreshold                                      : 10000\nDeleteUnusedBlocks                                      : 'on'\nDeleteUnusedPorts                                       : 'on'\nDetectBlackBoxNameCollision                             : 'Warning'\nDistributedPipelining                                   : 'off'\nDistributedPipeliningBarriers                           : 'on'\nDistributedPipeliningBarriersFile                       : 'highlightDistributedPipeliningBarriers'\nDistributedPipeliningPrecision                          : -1\nDistributedPipeliningPriority                           : 'Performance'\nDownToArrayIndexing                                     : 'off'\nDvMaxProcessTime                                        : 300\nEDAScriptGeneration                                     : 'on'\nEnableComments                                          : 'on'\nEnableFPGAWorkflow                                      : 'off'\nEnablePrefix                                            : 'enb'\nEnableTestpoints                                        : 'off'\nEntityConflictPostfix                                   : '_block'\nEnumEncodingScheme                                      : 'default'\nErrorCheckReport                                        : 'on'\nErrorMargin                                             : 4\nExtraEffortMargin                                       : 1\nFIRAdderStyle                                           : 'linear'\nFPGAWorkflowParameters                                  : []\nFPToleranceStrategy                                     : 'DEFAULT'\nFPToleranceValue                                        : 1e-07\nFamilyDevicePackageSpeed                                : {}\nFloatingPointTargetConfiguration                        : hdlcoder.FloatingPointTargetConfig\nFoldDelaysToConstant                                    : 'on'\nFoldingFactor                                           : 1\nForceClock                                              : 'on'\nForceClockEnable                                        : 'on'\nForceReset                                              : 'on'\nFracDelayPort                                           : 'filter_fd'\nFrameToSampleConversion                                 : 'off'\nFunctionallyEquivalentRetiming                          : 'on'\nGainMultipliers                                         : 'Multiplier'\nGatewayoutWithDTC                                       : 'off'\nGenDUTPortForTunableParam                               : 'on'\nGenerateAIEngineCode                                    : 'off'\nGenerateCoSimBlock                                      : 'off'\nGenerateCoSimModel                                      : 'None'\nGenerateCodeInfo                                        : 'off'\nGenerateFILBlock                                        : 'off'\nGenerateHDLCode                                         : 'on'\nGenerateHDLTestBench                                    : 'on'\nGenerateModel                                           : 'on'\nGenerateRTLLintReport                                   : 'off'\nGenerateRecordType                                      : 'off'\nGenerateSVDPITestBench                                  : 'None'\nGenerateTB                                              : 'off'\nGenerateTargetComps                                     : 'on'\nGenerateValidSignalInterface                            : 'off'\nGenerateValidationModel                                 : 'off'\nGeneratedModelName                                      : ''\nGeneratedModelNamePrefix                                : 'gm_'\nGuidedRetiming                                          : 'off'\nHDLCodeCoverage                                         : 'off'\nHDLCodingStandard                                       : 'None'\nHDLCodingStandardCustomizations                         : []\nHDLCompileFilePostfix                                   : '_compile.do'\nHDLCompileInit                                          : 'vlib %s\\n'\nHDLCompileTerm                                          : ''\nHDLCompileVHDLCmd                                       : 'vcom %s %s\\n'\nHDLCompileVerilogCmd                                    : 'vlog %s %s\\n'\nHDLDTO                                                  : 'off'\nHDLGenerateWebview                                      : 'off'\nHDLLintCmd                                              : ''\nHDLLintInit                                             : ''\nHDLLintTerm                                             : ''\nHDLLintTool                                             : 'None'\nHDLMapFilePostfix                                       : '_map.txt'\nHDLMapSeparator                                         : ''\nHDLOptLoopBudgetCheckRuntimeFeatureControl              : 'on'\nHDLSimCmd                                               : 'vsim -voptargs=+acc %s.%s\\n'\nHDLSimFilePostfix                                       : '_sim.do'\nHDLSimInit                                              : 'onbreak resume\\nonerror resume\\n'\nHDLSimProjectCmd                                        : 'project addfile %s\\n'\nHDLSimProjectFilePostfix                                : '_init.do'\nHDLSimProjectInit                                       : 'project new . %s work\\n'\nHDLSimProjectTerm                                       : 'project compileall\\n'\nHDLSimTerm                                              : 'run -all\\n'\nHDLSimViewWaveCmd                                       : 'add wave sim:%s\\n'\nHDLSubsystem                                            : 'X_Ray_Control_System_stable_with_deadzone/Digital x-ray control system'\nHDLSynthCmd                                             : ''\nHDLSynthFilePostfix                                     : ''\nHDLSynthInit                                            : ''\nHDLSynthLibCmd                                          : ''\nHDLSynthLibSpec                                         : ''\nHDLSynthTerm                                            : ''\nHDLSynthTool                                            : 'None'\nHDLWFSmartbuild                                         : 'on'\nHardwarePipeliningCharacterizationFile                  : ''\nHardwarePipeliningParamWarning                          : 0\nHierarchicalDistPipelining                              : 'off'\nHighlightAncestors                                      : 'on'\nHighlightClockRatePipeliningDiagnostic                  : 'on'\nHighlightClockRatePipeliningFile                        : 'highlightClockRatePipelining'\nHighlightColor                                          : 'cyan'\nHighlightDelayAbsorptionDiagnostic                      : 'on'\nHighlightDelayAbsorptionDiagnosticFile                  : 'highlightDelayAbsorption'\nHighlightFeedbackLoops                                  : 'on'\nHighlightFeedbackLoopsFile                              : 'highlightFeedbackLoop'\nHighlightLUTPipeliningDiagnostic                        : 'on'\nHighlightLUTPipeliningDiagnosticFile                    : 'highlightLUTPipeliningDiagnostic'\nHighlightRemovedDeadBlocks                              : 'on'\nHoldInputDataBetweenSamples                             : 'on'\nHoldTime                                                : 2\nIOThreshold                                             : 5000\nIPCoreReport                                            : 'off'\nIPCores                                                 : \nIgnoreDataChecking                                      : 0\nIncrementalCodeGenForTopModel                           : 'off'\nInferControlPorts                                       : 'off'\nInitializeBlockRAM                                      : 'on'\nInitializeRealPort                                      : 'off'\nInitializeTestBenchInputs                               : 'off'\nInlineConfigurations                                    : 'on'\nInlineHDLCode                                           : 'off'\nInlineMATLABBlockCode                                   : 'off'\nInlineSubsystems                                        : 'on'\nInlineTBConstantIOData                                  : 'on'\nInputComplex                                            : 'off'\nInputDataInterval                                       : 0\nInputDataType                                           : []\nInputFIFOSize                                           : 10\nInputPort                                               : 'filter_in'\nInputProcessingOrder                                    : 'RowMajor'\nInputType                                               : 'std_logic_vector'\nInstanceGenerateLabel                                   : '_gen'\nInstancePostfix                                         : ''\nInstancePrefix                                          : 'u_'\nInterBlkHorzScale                                       : 1.7\nInterBlkVertScale                                       : 1.2\nLUTMapToRAM                                             : 'on'\nLatencyConstraint                                       : 0\nLayoutStyle                                             : 'AutoArrange'\nLintTool                                                : 'No lint tool specified'\nLoopUnrolling                                           : 'off'\nML2PIR                                                  : 'off'\nMapPipelineDelaysToRAM                                  : 'off'\nMapVectorPortToStream                                   : 'off'\nMaskParameterAsGeneric                                  : 'off'\nMaxComputationLatency                                   : 1\nMaxOversampling                                         : Inf\nMergeDelaysOnFanouts                                    : 'on'\nMinDelaysRequiredAtLocalMultirateOutput                 : 1\nMinimizeClockEnables                                    : 'off'\nMinimizeGlobalResets                                    : 'off'\nMinimizeIntermediateSignals                             : 'off'\nModelName                                               : ''\nModulePrefix                                            : ''\nMulticyclePathConstraints                               : 'off'\nMulticyclePathInfo                                      : 'off'\nMultifileTestBench                                      : 'off'\nMultiplierInputPipeline                                 : 0\nMultiplierOutputPipeline                                : 0\nMultiplierPartitioningThreshold                         : Inf\nMultiplierPromotionThreshold                            : 0\nMultiplierSharingMinimumBitwidth                        : 0\nMultiplyAddSharingMinimumBitwidth                       : 0\nName                                                    : 'filter'\nNativeFloatingPoint                                     : 'off'\nNoResetInitScript                                       : 'noresetinitscript.tcl'\nNoResetInitializationMode                               : 'InsideModule'\nNumCriticalPathsEstimated                               : 1\nNumMultipliers                                          : -1\nObfuscateGeneratedHDLCode                               : 'off'\nOptimBetweenMATLABAndSimulink                           : 'off'\nOptimizationData                                        : ''\nOptimizationReport                                      : 'on'\nOptimizeBusDelayBalancing                               : 'on'\nOptimizeConstants                                       : 'on'\nOptimizeFixedPointConstants                             : 'off'\nOptimizeForHDL                                          : 'off'\nOptimizeHDLIP                                           : 'off'\nOptimizeMdlGen                                          : 'on'\nOptimizeTimingController                                : 'on'\nOutputFIFOSize                                          : 10\nOutputGenerateLabel                                     : 'outputgen'\nOutputPort                                              : 'filter_out'\nOutputType                                              : 'Same as input type'\nOversampling                                            : 100\nPackagePostfix                                          : '_pkg'\nPipelineDistributionPriority                            : 'Performance'\nPipelinePostfix                                         : '_pipe'\nPreserveDesignDelays                                    : 'off'\nProductOfElementsStyle                                  : 'linear'\nProjectFolder                                           : 'hdl_prj'\nRAMArchitecture                                         : 'WithClockEnable'\nRAMMappingThreshold                                     : 256\nRAMStyleAttributeName                                   : ''\nRecommendations                                         : 'off'\nReduceMatchingDelays                                    : 'on'\nReferenceDesign                                         : ''\nReferenceDesignParameter                                : {}\nReferenceDesignPath                                     : ''\nRemoveRedundantCounters                                 : 'on'\nRemoveResetFrom                                         : 'None'\nReplaceUnitDelayWithIntegerDelay                        : 'on'\nRequirementComments                                     : 'on'\nReservedWordPostfix                                     : '_rsvd'\nResetAssertedLevel                                      : 'Active-high'\nResetInputPort                                          : 'reset'\nResetLength                                             : 2\nResetType                                               : 'Synchronous'\nResourceReport                                          : 'on'\nRetimingCP                                              : 'off'\nRetimingCPFile                                          : 'highlightRetimingCP'\nRetimingDetails                                         : 'on'\nReuseAccum                                              : 'off'\nReuseCommonOperations                                   : 'off'\nRoutingFudgeFactor                                      : 0.5\nRuntimeReport                                           : 'off'\nSLPABackEdgeFile                                        : 'staticLatLoopBackEdge'\nSLPAFile                                                : 'staticLatPathAnalysis'\nSLPAGMMapMATFile                                        : 'staticLatGMMap'\nSLPALoopsFile                                           : 'staticLatLoops'\nSafeZeroConcat                                          : 'on'\nSamplesPerCycle                                         : 1\nScalarizePorts                                          : 'off'\nScalarizedPortIndexing                                  : 'Zero-based'\nScaleWarnBits                                           : 3\nScheduleZeroProtection                                  : 'on'\nSerialPartition                                         : -1\nSerializerRatioThreshold                                : 8192\nSetLUTPipeliningOffScriptFile                           : 'setLUTPipelineOffScript'\nShareAdders                                             : 'off'\nShareAtomicSubsystems                                   : 'on'\nShareCounterSerDes                                      : 'off'\nShareFloatingPointIPs                                   : 'on'\nShareMATLABBlocks                                       : 'on'\nShareMultipliers                                        : 'on'\nShareMultiplyAdds                                       : 'on'\nShowCodeGenPIR                                          : 'off'\nSignalNamesMangling                                     : 'off'\nSimIndexCheck                                           : 'off'\nSimulationLibPath                                       : ''\nSimulationTool                                          : 'Mentor Graphics ModelSim'\nSimulatorFlags                                          : ''\nSplitArchFilePostfix                                    : '_arch'\nSplitEntityArch                                         : 'off'\nSplitEntityFilePostfix                                  : '_entity'\nSplitMooreChartStateUpdate                              : 'on'\nStabilizeInputsForAperiodicRate                         : 'on'\nStaticLatencyPathAnalysis                               : 'off'\nStringTypeSupport                                       : 'off'\nSubsystemReuse                                          : 'Atomic only'\nSumOfElementsStyle                                      : 'linear'\nSynthesisAttributes                                     : {}\nSynthesisOffDirective                                   : ''\nSynthesisOnDirective                                    : ''\nSynthesisProjectAdditionalFiles                         : ''\nSynthesisTool                                           : 'Altera QUARTUS II'\nSynthesisToolChipFamily                                 : 'Cyclone V'\nSynthesisToolDeviceName                                 : '5CSEMA5U23I7'\nSynthesisToolPackageName                                : ''\nSynthesisToolSpeedValue                                 : ''\nSystemVerilogFileExtension                              : '.sv'\nTCCounterLimitCompOp                                    : '>='\nTapDelayNoElab                                          : 'on'\nTargetDirectory                                         : 'hdl_prj\\hdlsrc'\nTargetFrequency                                         : 0\nTargetLanguage                                          : 'VHDL'\nTargetPlatform                                          : 'Generic Altera Platform'\nTargetSubdirectory                                      : 'Model'\nTestBenchClockEnableDelay                               : 1\nTestBenchCoeffStimulus                                  : []\nTestBenchDataPostfix                                    : '_data'\nTestBenchFracDelayStimulus                              : []\nTestBenchInitializeInputs                               : 'off'\nTestBenchPostfix                                        : '_tb'\nTestBenchRateStimulus                                   : []\nTestBenchReferencePostFix                               : '_ref'\nTestBenchStimulus                                       : []\nTestBenchStimulusSource                                 : 'TestbenchAroundDUT'\nTestBenchUserStimulus                                   : []\nTimescale                                               : '`timescale 1 ns / 1 ns'\nTimingControllerArch                                    : 'default'\nTimingControllerPostfix                                 : '_tc'\nTimingDatabaseDirectory                                 : ''\nToolName                                                : ''\nTraceability                                            : 'off'\nTraceabilityProcessing                                  : 'off'\nTraceabilityStyle                                       : 'Line Level'\nTransformDelaysWithControlLogic                         : 'on'\nTransformNonZeroInitValDelay                            : 'on'\nTreatBalanceDelaysOffAs                                 : 'Warning'\nTreatDelayBalancingFailureAs                            : 'Error'\nTreatIOThresholdAs                                      : 'Error'\nTreatRatesAsHardwareRates                               : 'off'\nTreatRealsInGeneratedCodeAs                             : 'Error'\nTriggerAsClock                                          : 'off'\nTriggerAsClockWithoutSyncRegisters                      : 'on'\nTurnkeyWorkflow                                         : 'off'\nUniqueGlobalSchedulingCounters                          : 'on'\nUseAggregatesForConst                                   : 'off'\nUseArrangeSystem                                        : 'off'\nUseDotLayout                                            : 'off'\nUseFileIOInTestBench                                    : 'on'\nUseFloatingPoint                                        : 'on'\nUseMatrixTypesInEML                                     : 'on'\nUsePipelinedToolboxFunctions                            : 'on'\nUseRisingEdge                                           : 'off'\nUseSingleLibrary                                        : 'off'\nUseSynthesisEstimatesForDistributedPipelining           : 'on'\nUseVerilogTimescale                                     : 'on'\nUserComment                                             : ''\nVHDLArchitectureName                                    : 'rtl'\nVHDLFileExtension                                       : '.vhd'\nVHDLLibraryName                                         : 'work'\nValidationModelNameSuffix                               : '_vnl'\nVectorPrefix                                            : 'vector_of_'\nVerbosity                                               : 1\nVerilogFileExtension                                    : '.v'\nWorkflow                                                : 'IP Core Generation'\nXilinxSimulatorLibPath                                  : ''\nnfpDenormals                                            : 'DEFAULT'\nnfpLatency                                              : 'DEFAULT'\nsavepirtoscript                                         : 'off'\nsharedmulsign                                           : 'Signed'\nshareequalwl                                            : 'on'\nsschdlMatrixProductSumCustomLatency                     : -1\n\n%%%%%%%%%%%%%%%%%%%%%%%%%%%%%%%%%%%%%%%%%%%%%%%%%%%%%%%%%%%%%%%%%%%%%%\nNon default settings\n%%%%%%%%%%%%%%%%%%%%%%%%%%%%%%%%%%%%%%%%%%%%%%%%%%%%%%%%%%%%%%%%%%%%%%\n\nAdaptivePipelining                                      : 'on'\nBalanceClockRateOutputPorts                             : 'on'\nClockRatePipelineOutputPorts                            : 'on'\nFloatingPointTargetConfiguration                        : hdlcoder.FloatingPointTargetConfig\nHDLSubsystem                                            : 'X_Ray_Control_System_stable_with_deadzone/Digital x-ray control system'\nOversampling                                            : 100\nPipelineDistributionPriority                            : 'Performance'\nProjectFolder                                           : 'hdl_prj'\nResetType                                               : 'Synchronous'\nSynthesisTool                                           : 'Altera QUARTUS II'\nSynthesisToolChipFamily                                 : 'Cyclone V'\nSynthesisToolDeviceName                                 : '5CSEMA5U23I7'\nTargetDirectory                                         : 'hdl_prj\\hdlsrc'\nTargetPlatform                                          : 'Generic Altera Platform'\nUseFloatingPoint                                        : 'on'\nUseSynthesisEstimatesForDistributedPipelining           : 'on'\nWorkflow                                                : 'IP Core Generation'\n",
    "ModelTopLevelHDLParams": [
      "built-in/SubSystem"
    ],
    "TopModelNonStructuralData": {
      "SimulationMode": "normal",
      "StartTime": "0.0",
      "StopTime": "10",
      "SolverType": "Variable-step",
      "Solver": "VariableStepAuto"
    },
    "DelayData": {
      "m_sampleTime": 0,
      "m_delays": 0,
      "m_valid": true
    },
    "TopNetworkPortInfo": {
      "inputPorts": [
        {
          "Name": "In1",
          "Rate": 0.01,
          "Kind": "data",
          "PortIndex": 0,
          "IsComplex": false,
          "Testpoint": false,
          "TunableName": "",
          "Latency": -1
        },
        {
          "Name": "In2",
          "Rate": 0.01,
          "Kind": "data",
          "PortIndex": 1,
          "IsComplex": false,
          "Testpoint": false,
          "TunableName": "",
          "Latency": -1
        },
        {
          "Name": "In3",
          "Rate": 0.01,
          "Kind": "data",
          "PortIndex": 2,
          "IsComplex": false,
          "Testpoint": false,
          "TunableName": "",
          "Latency": -1
        },
        {
          "Name": "In4",
          "Rate": 0.01,
          "Kind": "data",
          "PortIndex": 3,
          "IsComplex": false,
          "Testpoint": false,
          "TunableName": "",
          "Latency": -1
        },
        {
          "Name": "In5",
          "Rate": 0.01,
          "Kind": "data",
          "PortIndex": 4,
          "IsComplex": false,
          "Testpoint": false,
          "TunableName": "",
          "Latency": -1
        }
      ],
      "outputPorts": {
        "Name": "Out1",
        "Rate": 0.01,
        "Kind": "data",
        "PortIndex": 0,
        "IsComplex": false,
        "Testpoint": false,
        "TunableName": "",
        "Latency": -1
      }
    }
  },
  "PhaseCycles": 31,
  "ResourceSummary": {
    "multipliers": 21,
    "addersSubtractors": 761,
    "registers": 5788,
    "oneBitRegisters": 46717,
    "rams": 0,
    "multiplexers": 4373,
    "IOBits": 228,
    "staticShiftOperators": 163,
    "dynamicShiftOperators": 60
  }
}